id;name
16160;Roberta Bryant
13434;Jeremy Campbell
17309;Raymond Jones
18092;Sharon Chan
17218;Derrick Choi
15664;Tina Bishop
15199;Melissa Lopez
14844;John Liu
17024;Ronald Ferrell
15836;David Townsend
14825;John Neal
16621;Troy Brown
15901;Richard Pruitt
17526;Meagan Meadows
14215;Jesus Clayton
14293;Adrienne Reyes
15026;Daniel Miller
13986;Amanda Rush
18055;Mrs. Regina Chandler
14066;Hayley Riddle
16692;Christie Carroll
14306;Seth Martin
14715;Andrew Brown
17426;David Johnson
16242;John Harrell
17991;Pamela Gordon
17397;Tracy Guerrero
14794;David Garcia
15241;Lauren Sutton
12436;James Floyd
16427;David Barnett
18086;Valerie Zimmerman
15333;Gregory Bailey
16147;Jessica Turner
17480;Melanie Daugherty
15221;April Meza
12601;Ronald Brown
18095;Elizabeth Kim
13629;Lisa Strickland
17134;Tamara Sexton
14536;Brittany Williams
17491;Billy Ballard
14432;Kathy Lara
13258;Tracy Owens
17561;Christopher Henry
18192;Erika Morgan
15556;Nicholas Miller
14117;Cynthia Hawkins
14673;Justin Walker
15075;Kelly Lloyd
16159;Kenneth Alexander
18041;Nicholas Krueger
14744;Sarah Martin
14214;Amanda Hansen
12756;Gregory Cox
12422;Vanessa Murphy
17483;Brittney Oliver
17387;Kim Ramirez
13194;Kimberly Sandoval
17884;Mark Kirby
14367;Kevin Thompson
12605;Christy Baker
16721;Ronald Johnson
15379;Jason Anderson
13991;Justin Flowers
16473;Hannah Brown
13716;Madeline Wright
15599;Perry Phelps
17165;Karen Dixon
18251;Mark Wright
13321;Joseph Morris
16248;James Jacobs
13581;Latoya Mcguire
12991;Tyler Terry
14863;Mark Palmer
15734;Juan Burnett
12513;Kevin Poole
18250;Miranda Sweeney
13263;Kevin Mcgee
17686;Matthew Aguirre
16777;Amanda Dunn
13098;Misty Hansen
15969;Michael Vasquez
13983;Christine Garcia
16399;David Powers
15148;Kevin Wheeler
14411;Edward Ruiz
16156;Alison Foley
17555;James Jones
13802;Brian Diaz DDS
18198;Mike Chambers
16128;Sean Wagner
13826;Richard Daniel
18015;Dr. Angela Washington
18126;Victoria Le
13570;Benjamin Ingram
13079;Peter Johnson
14156;Mark Reese
17034;Dennis Barry
12981;Angela Jackson
14902;Christian Duffy
17063;Maxwell Mcintyre
16461;Jason Brown
13014;Mark Bryant
15762;Kelly Anderson
18283;Jody Hernandez
12489;Joseph Anderson
14642;Dalton Stewart
17147;Hannah Stewart
12371;David Harris
17351;James Jackson
12967;Dawn Norton
13917;Jamie Brown
13467;Emma Calderon
12882;Amanda Cohen
14224;Christopher Harding
14662;Kenneth Perkins
15395;Tyler Vincent
17618;Timothy Smith
13161;Zachary Goodman
13577;Andrew Waters
13833;Crystal Phillips
14052;Mr. John Gutierrez
17619;Morgan Anderson
17967;Michelle Carey
16236;Jose Barton
17302;Kristina Jones
15024;Bryan Coleman
18045;Bridget Rangel
14978;Colleen Jones
16000;Makayla Parrish
13135;Robert Jackson
16275;Amy Lopez
16283;Evan Marshall
16850;Andrew Williams
15651;Carolyn Crawford
14104;Jeffery Schmidt
17311;Hannah Smith
16099;Brandon Walker
15341;Mark Taylor
15353;Melinda Leach
17344;Rachael Roman
15832;Keith Delgado
16386;Nicholas Allen
18040;Kathy Fleming
13762;Timothy Cohen
12367;Joseph Curry
13242;Bianca Beard
14345;Justin Robinson
13376;Amy Evans
13940;Ryan Kelly
14119;Carolyn Aguirre
17206;Nathan Mendez
17894;Rachel Graves
17812;Taylor Barnett
13266;Ashley Herrera
17742;Kelly Ross
15507;Felicia Keller
14440;Michael Williams
12667;Jason Kramer
16517;Ashley Garcia
14053;Michelle Henson
15308;Troy Carter
15063;Destiny Jones
16268;Melanie Medina
16029;Adam Duran
13890;Penny Ortiz
13928;Jeremiah Alexander
15604;Gloria Evans
15701;Bruce Rivera
16226;Barry Hamilton
14860;Lindsay Wolf
18139;Stephanie Joseph
15442;Juan Poole
13827;Rachel Mack
14165;Danielle Williams
17123;David Conway
14679;Jasmine Jones
17866;Rachel Wright
14412;Christina Weiss
15716;Sherry Taylor
13865;Joseph Bird
18246;Christine Ballard
12547;Selena Hawkins
16357;Patricia Howard
18223;William Haas
16898;Erin Mendez
16674;Gary Smith
18022;Jessica Shelton
16042;Danielle Santos
12783;Lisa Wilson
14087;Jason Taylor
18043;Eric Ruiz
16136;Carl Patterson
12865;Christopher Freeman
18235;David Ferguson
13658;Carrie Griffin
16763;Matthew Horton
15186;Morgan Murphy
16446;Leslie Jensen
15007;Danielle Alvarado
13213;Jonathan Davis
14535;Alexander Lyons
15886;Samantha Watson
18183;Kathryn Ramos
12552;Eric Shaw
15514;Nicole Carney
17340;Betty Mckee
16419;Jill Anderson
17375;Jonathan Henry
15643;Larry Bennett
13422;Jacob Smith
12938;Shannon Brown
16779;Carlos Bradford
14442;Anne Newman
14894;Tracy Santos
12849;Mary Miranda
14555;Christopher Moran
17233;Nathan Delgado
18013;Jason Townsend
14338;Emily Malone
15107;Taylor Brown
13817;Holly Beard
15074;Brian King
16393;Taylor Campbell
16011;Elizabeth Mcfarland
16711;Allison Lee
17612;Joyce Webb
12759;Carlos White
13343;Angela Jones
14768;Matthew Hart
12414;Desiree Webb
16929;Eric Johnson
13292;Michael White
14798;William Bell
13934;Gabriel Howell
13033;Tabitha Thompson
16969;Connie Copeland
14966;Brenda Davis
15327;Candace Perez
13971;Francis Hill
17217;Wayne Strickland
13330;Christopher Alexander
14867;James Sullivan
16554;Sherry Boone
14905;Eric Espinoza
17481;Tracey Jones
14023;Craig Garcia
12826;John Knox
17059;Matthew Bush
16602;Dawn Martinez
15699;Jeanne Daniels
13240;Michael Banks
14496;David Beltran
14088;Lori Baker
15945;Susan Butler
13456;Blake Parrish
16384;Natasha Nielsen
14446;Robert Miller
14201;Rachel Fernandez
15638;Crystal Harper
16360;Jason Parker
14755;Leah Leonard
13527;Jillian Wright DDS
14501;Lisa Mcdonald
18037;Dr. Mark Rocha
16216;Edward Hill
13717;Anthony Hodges
13344;Darrell Hines
17871;Kimberly Branch
17855;Erik Webb
17761;Jennifer Johnson
12645;Beth Miller
13212;Connor Rodriguez
16520;Faith Walker
13097;Danielle Mcpherson
16816;Karla Lane
17939;Larry Casey
17655;Jesse Armstrong
14508;Alexis Wyatt
13067;Timothy Lewis
16182;Darren Perry
17985;Robert Moran
17908;Jeremy Hill
16983;Katherine Anderson
15110;Stephanie Pittman
14631;Karen Martin
13452;Lauren Gutierrez
16071;Vanessa Thomas
17050;Taylor Tate
14504;Kevin Russell
16752;Kathy Gonzalez
13999;Russell Anderson
13496;Nicole Gonzalez
13699;Timothy Burns
17353;Maria Barnes
15594;Katrina Lopez
15769;Glenda Patel
14114;Stephanie Huerta
16043;Destiny Ray
12836;Michael Garcia
17988;Brenda Moyer
17469;Joshua Taylor
15906;Jacob Hernandez
16364;John Gonzales
16479;Dustin Burnett
12535;Kirk Martin
15475;Cynthia Stewart
18125;Sara Baker
13753;Angie Shepherd
17553;Rebecca Nguyen
18108;Mary Johnson
14460;Bonnie Riggs
16040;Anthony Jensen Jr.
16150;Cassandra Peterson
16535;Elizabeth Rodriguez
13720;Jessica Young
17667;Richard Smith
15427;Darren King
12877;Paul Lam
17957;Michael Logan
14451;Derrick Parker
12782;Amanda Hicks
14761;Tammy Gomez
17793;Trevor Robinson
15819;Ashley Mason
17650;Daniel Rich
13363;Tara Cortez
17760;Rachel Hernandez
16696;Dale Walters
13565;Michael Powell
14273;Amy Miles
14708;Benjamin Schmidt
15967;Jeremy Allen
13662;Stephanie Stewart
13365;Roy Dodson
12728;Lawrence Jacobs
14651;Colin Dickerson
17069;Kristin Thomas
17849;Mckenzie Arroyo
16595;Jennifer Banks
16321;Samantha Ramirez
16747;Jon Johnson
17883;Patricia Ortiz MD
15720;Erica Gonzalez
16434;Alisha Wright
13117;Martha Stephenson DDS
16209;Amy Williams
12790;Brian Lewis
13561;Abigail Potter
12816;Gregory Zimmerman
17061;Rachel Wood
16037;Sherry Thomas
13621;Donald Hale
17911;Sandra Mccarty
13012;Melissa Kramer
12391;Derek Wilson
15426;James Patterson
15482;Colin Hoffman
16686;Jennifer Farley
17486;Allison Russo
13657;Ryan Stevenson
12347;Kristen Taylor
16249;Janet Lopez
12559;Caitlin Acosta
17120;Kristin Evans
16932;Charles Cox
15709;Stephen Schneider
16697;Paul Rocha
17774;Kara Peterson
16726;Ashley Richardson
13077;Brandon Smith
15205;Heather White
14024;Michael Hughes
14403;Belinda Robinson
17628;Melissa Mcclure
16012;Troy Golden
14437;Hunter Oliver
16753;Sarah Carter
16906;Madison Hogan
12876;Erica Miller
17462;Jeffrey Pineda
17682;David Baldwin
15649;Tyler Simmons
16961;Pamela Johns
15251;Maria Taylor
14581;Sara Montgomery
12352;Justin Montoya
17530;Kristen Cooley
12787;Mary Robertson
14048;Donna Morgan
13650;Katherine May
15034;Virginia Mcmillan
13576;Laurie Williams
14913;Denise Mendez
18080;Todd White
14655;Margaret Herrera
17873;Michael Lopez
13572;Dana Pham
12577;Sherry Garza
15541;Jillian Flores
12820;Kimberly Carrillo
15000;Glenn Miller
12866;Christopher Greer
14459;Kimberly Lindsey
17303;John Johnson
12834;Donna Johnson
18168;Brian Burke
13949;Jessica Ellis
17415;Shawn Brown
17359;Christopher Walker
13799;Maria Williamson
13229;Kim Ramsey
13730;Sandra Santiago
12384;Valerie Ortega
14076;Joshua Harrison
17950;Jacob Townsend
13489;Jamie Henderson
12562;Mark Smith
16619;Jose Burke
13379;Ryan Howard
17860;Dawn Hobbs
13046;Tyler Warren
17629;Jill Valdez
12890;Cassandra Rowe
17010;Lindsay Lane
17536;Kellie Esparza
12349;Donald Johnson
17508;Debra Boone
17037;Richard White
12410;Nathan Gardner
17451;Deanna Hall
14381;Lorraine Diaz
16811;Rachel Johnson
16389;David Ward
17958;Laura Phillips
13882;Brian Powell
13821;Timothy Gutierrez
12438;Stephanie Nichols
18200;Jesse Thomas
14912;Melissa Jordan
14426;Adam Price
13975;Michele Butler
16258;John Collins
17015;Tracie Day
17083;Craig Sandoval
15193;James Mckinney
15862;Jordan Thomas
12648;Donna Harris
14974;Monica Fernandez
17765;William Best
17946;Elizabeth Keller
15837;Deborah Carson
15297;Craig Alvarez
16764;Amber Leonard
17505;Charles Carey
17693;Scott George
17382;Cynthia Mosley
15235;Christine Turner
15827;Catherine Edwards
18165;Michelle Richardson
15655;Kara Stafford
12492;Teresa Lawrence
15947;Ashley Thomas
13923;Michael Jackson
14533;Scott Mendez
12646;Joseph Kelly
15452;James Chang
13262;Whitney Harrison
15857;Lisa Hayes
18109;Sarah Adams
15841;Nancy Stokes
16775;Danielle Miller
13492;Nicole Crawford
14543;David Adams
16531;Jamie Anderson
15280;Ricardo Rodriguez
15618;Mrs. Erin Thompson
17920;Gloria Coleman
14524;Joseph Mclaughlin
12695;Rachel Hobbs
15175;Patrick Williams
14218;Sharon Lewis
15376;Pamela Rodriguez
13948;Matthew Doyle
12501;Mark Atkinson
17817;Victoria Hamilton
17838;Ryan Grant
17330;Kimberly Gonzales
13324;Thomas Adams
17142;Amanda Scott
17869;Amber Morgan
16917;Anthony Richardson
15678;David Carter
18230;Benjamin Garcia
12953;Angela Hunter
14238;Sarah Hill
16838;Jason Carter
18121;Joseph Becker
13748;Natasha English
17758;David Jones
17402;Melissa Flores
12556;Vincent Smith
12685;Brandon Barnes
15877;Lance White
14129;Peter Weber
15712;Justin Mclaughlin
14493;Melanie Gregory
13507;Patricia Jones
14309;Jenna King
16497;Clifford Thornton
16509;Teresa Torres
14393;Gabrielle Burton
14277;Ronald Watts
14121;Gregory Tucker
17115;Laurie Mccarty
15708;Alexandra Garcia
14954;Gabriela Pham
13684;Martin Nichols
12873;Mark Hall
17720;Michael Murphy
15440;Heidi Jackson
14836;Michael Washington
17468;Miguel Mitchell
17977;Brian Farley
15204;Eric Brown
14779;Erin Robinson
17320;Jose Love II
14368;Lindsay Daugherty
13837;Emily Hernandez
13395;Jason Bruce
12456;Dr. Benjamin Shah PhD
18262;Emily Parker
13449;Judith Smith
13723;Alexis Brown
14467;Jacqueline Benson
18158;Susan Patterson
13851;Veronica Cardenas
14567;Joseph Carpenter
15551;Cheryl Miller
17361;Christopher Schultz
15703;Shirley Stewart
13493;Alice Hernandez
12584;Jack Blackburn
12710;Paul Taylor
16739;Elizabeth Baker
12612;Shawn Brown
12373;Melvin Stokes
13316;Matthew Lopez
15146;David Grant
14453;Ariana Mack
15578;William Maddox
14627;Sheila Barker
13239;Edwin Richardson
15733;Barbara Irwin
16171;Victoria Roberts
15089;Maria Ayala
16114;Christopher Patel
14532;Vincent West
17633;Jennifer Barnes
17585;Stephanie Mcmahon
17427;Rodney Rice
17033;Ashley Rich
13969;Philip Rosales
12401;Jacob Jensen
13473;Robert Chen
16146;Amy Zuniga
13003;Jill Oconnell
14477;Lisa Smith
16725;Mackenzie Holmes
14565;Rachel Walker
15978;Kristin Miller
15017;Janet Stewart
13486;Denise Herring
13013;Kevin Scott
17391;Patricia Lewis
14327;Michelle Harmon
16131;Jessica Zimmerman
16690;John Anderson
14423;Rachel Phillips
15237;Ryan Farrell
17125;Craig Lawson
14551;Christopher Roman
15521;Patricia Black
14143;Stanley Hicks
16306;Glenn Cantu
16233;Max Coffey
12753;Lydia Rivers
16551;William Rivera
13500;Megan Madden
14420;David Carter
14693;Anthony Carrillo
12596;Brian Mcguire
13186;Tina Stanton
17904;Brandon Melton
16036;Mr. Albert Silva
17466;Vincent Jones
12524;Mary Lee
13924;Evan Brooks
18232;Mia Kelly
16097;Nicole Woods
16245;Michael Hobbs
14672;Brandon Fernandez
17418;Heidi Velazquez
14400;Tracey Collins
15612;Christopher Cole
17858;Brian Murphy
13300;Stephanie Brown
17194;Cody Washington
18035;Brian Walker
14961;Dennis Saunders
13918;Keith King
17153;Colin Flores
17678;Kelly Jacobson
14195;Isaiah Torres
13159;Jesus Sanders
15322;Cory Obrien
15659;James Cunningham
17503;Arthur White
13001;Stephanie Sandoval
15675;Daniel Barnett
16549;Nicole Lester
15243;Cynthia Jones
16653;Roger Stevenson
17732;Amanda Pacheco
18164;Judy Morse
13394;Jennifer Bates
15483;Nicole Reed
13899;Leonard Ramirez
18067;Jennifer Espinoza
17768;Charles Reynolds
17932;Sonia Harris
14903;Andrew Turner
12868;Eric Macias
15114;Jordan Moore
13419;Micheal Miller
16943;Anna Banks
15448;Matthew Mills
14379;John Hanson
12435;Linda Nelson
16980;Richard Woodard
15869;Jessica Walker
17746;Tony Vincent
16510;Alexis Dixon DDS
15743;Alan Richardson
17114;Miss Amy Sawyer MD
18005;Stephanie Jones
18024;Danielle Sanders
13973;James Adams
18099;Larry Graves
12970;Lisa Wallace
12625;Paige Koch
14544;Christopher Allen
14525;Sarah Williams
18218;Nicole Phillips
12614;John Cunningham
12580;Ashley Glass
17396;Terry Morrison
16963;Joshua Reed
16205;Andrea Morris
15253;Rachel Spears
17551;Corey Smith
14643;Judith Martinez
13223;Mr. Larry Decker
12809;Levi Larson
15433;Melissa Velasquez
16803;Shannon Williams
15992;Roberta Howard
15881;Sheila Ross
18156;John Orr
15549;Sarah Rose
13466;Gail Hernandez
16881;Kaitlyn Reed
17054;John Meyers
14276;Susan Robinson
15571;Hannah Park
17835;Bryan Lawrence
12694;James Frank
13712;Tiffany Fields
16091;Jeffrey Harris
13732;Douglas Gray
12624;Brandon Aguirre
14675;Lori Villanueva
17045;Lisa Robertson
14930;Jamie Lewis
12399;Stephanie Wells
13458;Tammy Morton
17709;James Kelley
15120;Daniel Butler
12921;Neil Page
14466;Samantha Freeman
15749;Jamie Kim
17060;Michele Parsons
12353;Heidi Hayes
17234;Jeffrey Hood
13002;Mark Wright
14227;Candace Lee
14964;Lindsey Green
15033;Michael Townsend
18280;Christopher Bryant
15990;Judy Olson
14957;Rebecca Vasquez
14500;Corey Curry
15958;Laura Walker
14962;Jose Cardenas
14506;Jose Richards
14586;Michaela Rose
16948;Kelsey Baker
17809;Eric Smith
18110;Nathaniel Simpson
16611;Kimberly Martinez
16885;Joyce Blake
16996;David Powell
13397;James Pearson
17714;Victoria Copeland
15025;Alexander Nichols
16934;Gabriel Foster
16201;David Barrett
17078;Karen Robinson
16138;Steven Cook
15219;Kathleen Cook
16363;Annette Garcia
15745;Timothy Church
13149;Stephanie Diaz
18178;Ryan Gray
16469;Kent Smith
14595;Cindy Miles
15198;Peter Pham
14890;Shelley Ayers
16532;James Howard PhD
16185;Jessica Sherman
13848;Joshua Jones
17343;Kathryn Smith DDS
12828;Michael Rivera
14229;Rachel Macdonald
16883;Joseph Brown
14534;Sharon Hayes
17509;Donna Lopez
13954;Holly Berry
14450;Ryan Harrison
17174;Heather Lane
15646;Jeffery Beard
16270;Jamie Cordova
15813;Chase Mitchell
14404;Joseph Reynolds
13461;Heather Taylor
16084;Rodney Price
15419;Cynthia Wong
12864;Henry Young
16317;Thomas Russell
13072;Michael Evans
14422;Troy James
17266;Kevin Green
15593;Dylan King
15977;Nathaniel Gardner
13831;Sylvia Dillon
15246;Monica Le
13875;Jesus Wall
14138;Jennifer Cervantes
15757;Jason Potter
12933;Heather Mccoy
14821;Ashley Howard
14173;Valerie Brown
15973;Peter Chavez
17727;Miranda Nelson
14497;Heidi Davis
14792;Paula Davis
14810;Samantha Mcneil DVM
14719;Mariah Ortiz
15938;Kelly Mills
17837;Jennifer Douglas
18082;Tristan Taylor
13414;Richard Mack
15030;Laura Jackson
12604;Richard Kim
17042;Scott Mcgee
14891;Jesse Campbell
16367;Brent Davis
14944;Lisa Baker
16125;Michele Oneill
16079;Jake Davis
16582;Deborah Hardin
12490;Rebecca Gonzalez
15692;Kevin Patel
18133;Melinda West
13994;Christopher Stephenson
14549;Alexandra Wiggins
13694;James Jennings
18117;Mrs. Jacqueline Mitchell
17512;Christopher Pruitt
13450;Karen Olsen
13139;Charles Wagner
16418;Paul Hopkins
13722;Nathaniel Warren
15789;Louis Williams
16190;John Nichols
17152;Amy Crawford
15320;Antonio Waters
16424;Sarah Frazier
14937;Carolyn Moran
12758;Kelly Huber
15367;Curtis Young
14078;Kathryn Lara
15596;Paige Flores
14082;Rachel Obrien
17550;Robert Hernandez
16563;Melissa Harris
14262;Alicia Church
16869;Diana Cole
13069;Michael Harris
13579;Brady Kelly
15971;Maurice Johnson
17557;Lauren Harris
17527;Richard Peterson
15009;Andrea Powell
12502;Natalie Baker
15602;Stacy Lopez
13919;John Jennings
15607;Jennifer Reed
16447;Stephen Yu
12791;James Davis
12690;Lisa Miles
13142;John Carter
15809;Alexander Kirby
16679;Mrs. Emily Freeman
18033;Christina Torres
13318;William Wood
17759;Steven Baker
14333;Tamara Simon
12922;Daniel Wolf
17796;Adam Thomas
17365;George Osborne
17955;Nicholas Wilson
13786;Jeremy Martin
12621;Mrs. Mallory Waters
12831;Morgan Bell
12853;Joseph Cantrell
12732;Casey Collins
16730;Adam Miranda
16340;Kelsey Peterson
17777;Leslie Oconnell
16891;Suzanne Farrell
15100;Kenneth Weber
15122;Brian Phillips
15058;Maurice Ellis
14075;William Smith
15484;Jodi Lane
12985;Matthew Rubio
13798;Jose Gallagher
18106;George Smith
17411;Kathy Boyer
17404;Angela Howell
13132;Peter Turner
14788;John Thomas
12847;Bridget Petty
15044;Jennifer Reed
12441;Brianna Humphrey
17572;Jaime Guzman
12564;Monique Robertson
17965;Ashley Hanna
12515;James Ellis
14286;Brian Grant
14916;Antonio Moran
17088;Tanner Hebert
12901;Chad Flowers
16735;Daniel Harris
13108;Melanie Perry DVM
15303;Bradley Miller
14208;Jennifer Nguyen
17381;Bradley Barber
17976;Kristen Wright
12451;Julie Wheeler
17133;Christopher Montgomery
13607;Robert Cole
12725;Alexandra Summers
13583;Casey May
12931;Lydia Jones
17513;Sydney Allen
13403;Donna Reynolds
18219;Connie Garza
14714;Stephanie Sanders
16019;Jeremy Wiley
16617;Casey Brandt
13224;Joseph Baird
17446;Angela Landry
16225;Tammy Simmons
15421;Kiara Lyons
15132;Tonya Blackburn
14116;Julie Hampton
14623;Crystal Benson
14780;Robert Wilson
12618;Steven Moody
12984;James Wilson
13895;Molly Hernandez
15808;Robert King
15220;Tammy Huerta
15270;Christina Morgan
16919;Nicholas Hudson
14406;Jason Pittman
15399;Dr. Patrick Castaneda
14589;Karen Spears
13941;Joseph Martinez
17874;William Woods
16852;Holly Waller
16516;Elizabeth Owens
14021;Olivia Norman
15051;Monique Kline
15673;Jacob Rodgers
13425;Betty Sparks
14488;Lisa Pham
15214;Linda Gonzalez
17239;Lisa Thomas
13298;Joshua Perry
14462;Thomas Jackson
14711;Rhonda Rodriguez
17828;Joseph Mora
17475;Kimberly Mitchell
13309;Matthew Liu
15068;Samantha Johnson
14823;Amber Fernandez
14167;Caleb Soto
14110;Amy Pittman
15717;Andrea Jackson
14205;Mr. Mark Harper
13573;Michael Castro
17893;Sharon Rodriguez
17779;Charles Aguilar
13571;Taylor Robbins
16395;Maria Nelson
17412;Mr. Adam Welch DVM
12672;Brian Smith
15386;Mr. John Bryant
17653;Jennifer Mendoza
14175;Maria Clark
16938;Sarah Hanson
16101;Stephen Anderson
12390;Joshua Salazar
13261;Justin Kemp
13758;Rhonda Leon
16550;David Peterson
13985;Dr. Mindy Powers MD
18228;Joy Munoz
15756;Nicholas Jenkins
14738;Michelle Turner
17719;Rita Miller
17169;Thomas Caldwell
15210;Kimberly Hart
18119;John Lopez
16409;Daniel Lawson
17737;Crystal Walker
12651;Gabriella Davenport
14054;Joanna Jensen
13145;Stephanie Walker
14880;Shelley Soto
12994;Jennifer Acevedo
16942;Allen Butler
14132;Eric Mills
17203;Kristen Henry
12412;Heather Glass
18221;Michael Edwards
16425;William Marsh
15070;Megan White
15894;Vicki Johnson
16059;David Turner
14775;Melinda Frank
18169;Kristina Sparks
12792;Michael Strickland
17428;Tammy Randolph
13216;Judith Sawyer
17660;Calvin Allen
15062;Dr. Megan Woodward
17708;Erica Watson
14465;Jacob Wright
16180;Michael Fleming
17457;Noah Jennings
12447;John Hudson
12620;Heidi Gilbert
14133;Kayla Turner
14735;Erica Scott
17440;Anthony Wright
14243;Derek Potter
12948;Jose Cherry
15256;Scott Blake
14300;Jessica Smith
15821;Tina Espinoza
17219;Michael Frank
13035;Lisa Hopkins
17590;Joy Lewis
17900;John Vargas
17245;Jacqueline Stewart
17306;April Young
15543;Claire Hurst
14096;Charles Ford
16215;Cory Robinson DVM
16830;Timothy Cantrell
18220;Thomas Duncan
16832;Karen Hernandez
16720;Larry Thompson
16324;Vincent Baker
16096;Paula Mcdonald
17419;Leah Carter
17764;Matthew Johnson
13200;Dr. Destiny Fox
14357;Briana Jones
17611;Jillian Harmon
16322;Kenneth Gonzalez
15472;Brittany Salazar
16460;Christy Pineda
12429;Jacob Mccormick
15069;Christopher Brooks
12530;Christy Ward
18079;Bradley Gutierrez
13420;Kathryn Kidd
15511;Alexander Smith
16945;Jody Martinez
17148;Michael Willis
16213;Jessica Gonzales
17594;William Lloyd
16133;Jeremiah Greene
13006;Barbara Smith
13017;Mrs. Sarah Davidson MD
13566;Christian David
16710;Christy Stone
15456;Lauren Glover
14841;Daniel Suarez
14353;Patricia Dunn
17591;Nicholas Matthews
16513;Rodney Vang
13931;Angelica Gomez
14931;Michael Arnold
17492;Christian Nelson
13329;Anthony Armstrong
17580;Michael Collins
13853;Ronald Johnson
16511;Erica Jimenez
17197;Melissa Cole
16759;Jennifer Wilson
14064;Michael Moreno
17631;Jeffrey Stevens
12360;Peter Foley
14784;Kenneth Brown
16475;Jesse Smith
13529;Ryan Hampton
14387;Michelle Galvan
16086;Carlos Coleman
16141;Mr. Robert Williamson
17595;Jennifer Gould
15983;Allen Rosales
13373;Michelle Hunter
15603;Billy Morrison
12957;Maria Gomez
15276;Richard Wilcox
14193;Thomas Obrien
15800;Andrew Kelly
14421;Allen Gonzales
15843;Curtis Castaneda
12844;Christopher Morrison
13050;Alicia Thomas
17288;Brandon King
17301;Katrina Jones
15172;Tammy Hansen
15163;Mike Ramos
16055;Patrick Grant
14354;Patricia Sutton
14764;Kevin Smith
16026;Sara Lindsey
14020;Nicholas Adams
14607;Seth Wyatt
14815;Norman Graves
15737;Sean Coffey
15970;Ryan Compton
14987;Janet Hopkins
15109;Diana Perez
16518;Russell Tanner
14647;Lindsay Phillips
13464;Ashley Snyder
17252;Pamela Hernandez
15516;Isaiah Hart
12394;Vanessa Robertson
12609;Christopher Smith
12493;Michael Roberts
17458;Joseph Mueller
12365;Jacob Wolfe
14600;Nathan Steele
14632;Christina Williams
14297;Katherine Miller
13740;Amanda Davis DDS
14415;Paula Bruce
16715;Mark Brewer
17444;Susan Steele
14898;Crystal Madden MD
17754;Sarah Garcia
14127;Andre Lopez
15831;Nicole Morgan
12659;Amber Brewer
16327;Adam Mitchell
13877;Dustin Thornton
12856;Benjamin Rojas
14804;Gwendolyn French
14057;Heather Garrison
12977;Devon Atkins
18260;Shelly Potter
15363;Deanna Wang
17703;Christina Preston
13755;Phillip Hess
18216;Marie Morris
15780;Janice Morris
16116;Beth Abbott
17495;Timothy Lowery
15095;Jonathan Brown
15206;Charlotte Reed
16369;Barbara Sullivan
16034;Kayla Floyd
15368;Meagan Mccoy
16243;Thomas Poole
17082;Jeffrey Mahoney
15917;Jessica Petersen
12649;William Walters
18062;Ryan Wilkinson
15796;Christian Williams
14212;April Zhang
13302;Kristen Johnson
13549;Nicole Mcfarland
12769;Nicole Montgomery
14125;Jennifer Harris
13311;Alicia Moore
16256;Christian Ramirez
17540;Jason Wallace
13476;Ryan Lane
17547;John Hernandez
17549;Joshua Soto
13171;Mrs. Melissa Chung DDS
12375;Joseph Pena
12841;Brian Robertson
13959;Laura Estes
14665;Stacey Johnson
14973;Jessica Cisneros
17694;Ashley Sanchez
13816;Dawn Davis
17094;Vanessa White
15885;Marc Rogers
12491;Nicholas Rodriguez
15657;Makayla Solis
13807;Robyn Torres
13871;Donald Gutierrez
17333;Joanna Walker
17348;Lauren Stephens
13221;Lisa Jones
17454;Carlos Howard
13405;Teresa Smith
12484;Wyatt Brown
15174;Jacob Ramirez
15758;Dr. Justin Shaffer
14550;Mrs. Linda Vasquez
17324;Jamie Miller
15447;Karen Cunningham
12582;Jill Johnson
16348;Theodore Bean
16808;Donald Santos
12616;David Wilson
15903;Bryan Armstrong II
15342;Joshua Hawkins
12417;Natasha Martinez
13575;Eugene Simpson
17582;Tina Thompson
16066;Karen Cisneros
14185;Dale Larsen
16916;Elizabeth Guerrero
16643;Elizabeth Watson
17362;Michelle Jones
16330;Jennifer Peterson
15050;Terry Castillo
14184;Jordan Jones
15728;Jessica Smith
14664;James Jones
13233;Alisha Brown
16591;Kelly Juarez
18184;Brian Lester
17554;Daniel Wong
14035;Kristina Garcia
12610;Bryan Peterson
13404;Dr. John Sanchez
17026;Jennifer Mendoza
13546;Kimberly Martinez
15623;Jerry Morgan
15889;Brenda Massey
16023;Brandon Wallace
12793;Roberta Walter
16013;Yvette Lynch
12952;Robert Branch
12703;Megan Bradford
17644;Darlene Stanley
16320;Michael Jacobs
15306;Matthew Bennett PhD
17461;Miranda Baker
13538;Courtney Christian
13846;Eric Murphy
17542;Jasmine Armstrong
17376;Donald Suarez
16836;Rachel Reyes
15300;Jeffrey Warren
13004;David Bowers
15590;Anthony Lopez
15670;Leslie Floyd
13359;Ronald Edwards
14951;Alexander Robinson
12870;Amy Stone
15158;Daniel Taylor
17749;Katelyn Johnston
14271;Lindsay Allen
17848;Kyle Rodriguez
13955;Cristina Vega
14109;Erica Case
15544;John Larson
12598;Megan Wright
17031;Billy Saunders
12852;Nicholas Collier
16658;William Carlson
18226;Scott Rocha
17237;Nicole Blair
16120;Rose James
14741;Isabella Garcia
15245;Matthew Miranda
15192;David Griffin
16093;Barbara Delgado
14039;Ms. Paige James MD
16070;Bryan Sanders
17179;Jason Wong
14852;Edward Johnston
13134;Judith Phillips
13044;Sophia Baird
12546;Jerome Avila
14291;Stephen Tucker
13534;Frank Harris
17947;Vincent Castro
16153;Michelle Lutz
14855;Danny Lewis
17022;Daniel Flynn
17802;Adam Campbell
15358;Antonio Jimenez
14609;Mary Cobb
14479;Madeline Gutierrez
16826;Christian Wilcox
18196;William Martin Jr.
14881;Erin Frederick
17251;Timothy Miller
13101;Ryan Anderson
18237;Mike Chapman
15073;Terry Foster
17001;Elizabeth Yang
15585;William Walker
15159;Debbie Briggs
12640;Mr. Richard Macdonald
17431;Whitney Davis
14857;Mrs. Jennifer Garcia
15993;Anita Torres
16817;Allen Gilbert
15052;Keith Vaughan
13375;Michael Morris
14408;Toni Brown
16063;Christopher Williams
13182;Melissa Ortiz
14410;Denise Clark
12363;Jermaine Lee
13655;Savannah Mccoy
14001;Jennifer Ellis
16778;George Carroll
16909;Teresa Whitehead
17702;Erica Sharp
18188;Arthur Ramirez
15925;Cynthia Jones
14056;Ann Wong
16207;Dylan Thompson
13226;Jessica Miller
15801;Christian Osborne
16361;Steven Brown
12558;Michael Nunez
15152;Matthew Rodriguez
14834;David Cervantes
15261;Abigail Murray
16529;Mariah Nelson
16895;Nicole Flores
12947;Leon Graham
14576;Stephanie Valdez
16164;Mario Trujillo
15872;Michael Holmes
14146;Megan Webb
16766;John Martin
14732;Kimberly Cooper
13972;Laura Jones
17360;Greg Stewart
16586;Madison Mckinney
14494;Adrian Johnson
16818;Mike Collins
12895;Chris Leach
14918;Mr. Charles Kennedy Jr.
17049;Charles Smith
14377;Steven Irwin
15773;Lawrence Hughes
15143;Rebecca Nicholson
17775;Cynthia Frank
12691;James Weber
14585;Margaret Hill
18104;Michelle Robinson
17917;John Turner
15907;Jennifer Curry
16659;Ana Kim
16017;Sarah Jordan
13710;Sarah Thompson
17256;Teresa Hernandez
16820;William Vaughn
16610;Trevor James
16204;James Walker
14619;Jason Galloway
15797;Guy Wright
17313;Richard Jones
13225;Christina Grimes
14819;Kaitlyn Bryan
12395;Michele Miller
17379;Teresa Neal
16030;Anne Martinez
15653;Joanne Martin
17213;Darryl Rojas
18154;Jessica Campbell MD
15090;Jacqueline Sherman
13118;Regina Allen
15746;Samantha Fields
15247;Darlene Andrews
12718;Patricia Wolf
17811;Anthony Flores
15610;Robert Moore
12481;Margaret Palmer
13870;Jeffrey Dixon
12522;Taylor Nelson
12738;Charles Roberts
14259;Brittney Mcdaniel
13034;Spencer Warren
12350;Carlos Mckee
13668;Charlene Logan
17556;Michelle Phelps
15264;Allison Garcia
12937;Jeanne Schroeder
12681;Jennifer Garcia
17596;Melissa Vargas
13487;Clayton Brown
17789;Daniel Grant
14624;Sean Hart
12527;Tyler Middleton
13863;Theresa Jones
18241;Thomas York
16392;Javier Silva
18245;Amber Fisher
14958;Javier Curtis
16483;Janet Smith
15043;Mary Kelley MD
17722;Tina Jones
16754;Janice Mason
13841;David Green
15863;Shari Conner
13939;Kevin Robinson
16626;Mathew Guzman
14179;Andrew Taylor
14285;Jennifer Navarro
16429;Edward Anderson
17018;Daniel Bauer
12615;Charles Williams
12679;Crystal Shaw
13270;Sue Watts
17250;David Dunn
13835;Nathan Long
13291;Marissa Lynch
16900;Angela Raymond
15211;Sophia Osborne
17696;Maria Martin
14915;Nancy Moran
17930;Andrew Sexton
15865;Mary Decker
14092;Jessica Mccarthy
15462;Ricardo Reed
16200;Michael Edwards
14720;Jennifer Perez
16620;Rebecca Dunn
17154;Ashlee Day
16542;Anthony Farley
15498;Scott Todd
16952;Gilbert Hernandez
12560;Edward Franklin
13522;Stephanie Morgan
12569;Lauren Campbell
13521;Thomas Moore
15581;Bradley Duffy
16603;Daniel Mendoza
15411;Colton Lopez
16768;Xavier Rogers
13140;Kurt Trujillo
17338;Carla Parker
14932;Gloria Vega
14893;Sheri James
16214;Jill Williams
16402;Darrell Bender
12720;Chris Wallace
14457;Ryan Alvarado
18204;Gabriela Holt
13926;Stephanie Summers
17230;Amy Rivera
14044;Tanya Barber
12476;Janet Mcdaniel
13832;Victoria Cross
13644;Charles Nelson
16607;Kara Smith
13196;Christopher Mitchell
13501;Jeffrey Olsen
14350;Miguel Olson
12455;Gregory Fisher MD
13120;Travis Hines
15768;Robert Christensen
13951;Katherine Ramsey
13672;Barbara Freeman
13763;James Oliver
15115;Julia White
18074;James Lee
13016;Natalie Marsh
18212;Ryan Stanton
16217;Terry Davis
17191;Kim Shah
13390;Wanda Martin
14904;Jeffrey Rivera
13060;Michelle Robles
16282;Patty Johnson
13402;Misty Dudley
17601;Andrea Brooks
16756;Michael Warner
14561;Carl George
17277;Jeffery Murray
18270;Richard Munoz
17425;Brandon Baker
16931;Glen Small
14606;Jennifer Sparks
12855;Christy Stanley
16893;Jamie Jackson
18176;Dawn Robinson
15861;Tracie Spencer
16287;Mark Villa
16422;Carolyn Ortega PhD
17537;Justin Perez
17535;David Hernandez
17030;Michelle Collins
14698;Charles Curtis
12770;Alison Zhang
12888;Micheal Nguyen
15704;Jacqueline Tate
15569;Dale Espinoza
13707;Samantha Archer
16211;Lisa Warren
16406;Anthony Johnson
13897;Lindsey Branch
13177;Ashlee Long
12802;Kristen Murphy
16693;Jeffrey Rowe
16709;Ricky Hall
18171;Alexandra Mueller
16966;Joshua Powell
16006;Tara Brown
14164;Jennifer Rice
12442;Brent Mills
17648;Fred Moore
14449;Matthew Robinson
13708;Jeremy Walker
17948;Tina Garrett
15523;Gary Hoffman
15527;Mark Hernandez
14660;David Barton
15740;Tony Velasquez
17578;Tony Greer
13859;Matthew Hines
17124;Christine Thomas
15611;Catherine Smith
17501;Emily Holloway
16676;John Wagner
16902;Christopher Willis
15124;Gabriel Ford
16655;Joseph Campbell
15478;Michael Holden
14326;Derek Logan
16184;Karen Graves
18261;Mrs. Autumn Mitchell MD
14700;George Reed
12812;Ellen Curtis
14502;James Schmidt
12743;David Webb
12567;Anne Pham
15388;Frederick Young
14818;Timothy Bowen
14704;Christina Adams
18276;Ryan Schwartz
12630;William Ramos
16790;Daniel Patrick
13092;Chelsea Huber
17772;James Martinez
14045;Wayne Lee
16625;Jackie Bond
15424;April Mcdowell
17637;Craig Diaz
13525;Julie Lopez
16600;Anita Sanford
16923;Caleb Larson
15888;Kyle Coleman
16404;Cynthia Williamson
14856;Megan Chen
16056;David Vazquez
17048;Amber Cook
17949;April Williams DDS
15754;Aaron Torres
12641;Susan Le
17647;Mr. James Duncan
17926;Ashlee Warner
16354;Wesley Macdonald
14223;Timothy Robinson
14150;Sarah Nelson
17560;Christine Ibarra
12361;John Johnson
17516;Christopher Hernandez
13146;William Grant
12498;Maria Lee
18272;Alyssa Jenkins
17043;Tyler Ali PhD
13364;Christopher Ellison
12708;George Jenkins
13680;Rhonda Vazquez
15036;James Robinson
13075;William Wood
16343;Stephanie Jackson
14875;Todd Robinson
14482;Patrick Nolan
16463;Jennifer Woods
14997;Jerome King
14220;Bethany Pierce
16403;Caitlin Banks
18097;Donald Williams
18017;Lori Williams
16104;Carlos Burns
17625;Roy Yu
14639;Timothy Webb
17924;Alexandria Sanchez MD
17268;Ashley Mcdonald
12642;Phillip Goodman
13244;John Stewart
14295;Scott Hernandez
13238;Dr. Sherry Blevins
17906;Sandra Arellano
13273;Lawrence Hall
12709;Teresa Hayes
14040;Carol Barrett
16566;Robert Osborne
13946;Matthew Jones
14047;Autumn Gonzalez
16203;Julie Snyder
17175;Cindy Gardner
14733;Jennifer King
13059;Anthony Thompson
17263;Jasmine Blake
17341;Courtney Howell
16276;Catherine Lee
16992;Catherine Curtis
14699;Edward Moses
14911;Alicia Nguyen
15079;Bryan Jensen
15976;Benjamin Hancock
13992;Amy Turner
17284;Taylor Walsh
17164;Alexandria Glover
14793;Cindy Trevino
18159;Jennifer Wyatt
12839;Jade Jenkins
12721;Paul Miles
18011;Jason Gould
16796;Mr. Charles Bradford
16557;Dennis Richards
16266;Amanda Mills
12550;Alyssa Hernandez
12472;Jonathan Mitchell
13155;Marie Williams
16713;Ashley Hernandez
14191;Kristie Kemp
14314;Christopher Andrews
16680;Colton Martinez
15360;Kayla Lang MD
16252;Jennifer Dawson
15497;Scott Kennedy
12379;Benjamin Bradford
17934;Mary Ferrell
18249;David Bowers
15922;Zachary Rodriguez
13709;Aaron Garcia
15557;Miguel Williams
14071;William Wright
17925;Ryan Smith
12631;Randy Ramirez
13174;Matthew Gonzalez
17973;Sandra Meyer
13488;Heather Foster
17416;Megan Walker
13811;Edward Rosario
13980;Rachel Bowen
16781;Casey Turner
17718;Philip Baldwin
13908;Ronald Thompson
17272;Zachary Daniels
13842;Cassandra Rodriguez
16988;April Rhodes
13952;Mary Young
17204;Robert Bolton
12388;Christopher Li
12781;Kathy Gonzalez
15815;Michelle Juarez
13169;Regina Ibarra
13283;Heather Wang
15504;Anthony Gibson
14331;Corey Wilson
15998;Jonathan Kelley
17453;Michael Ellis
13727;Kathleen Cortez
17139;Joseph Peterson
12912;Dennis Bradshaw
13350;John Lopez
12448;Gina Martin
12686;Miss Alyssa Osborn PhD
16956;Laurie Campbell
17867;Pamela Fisher
15981;Emily Yoder
17640;Benjamin Cruz
15719;Diana Rowe
12591;Tony Chavez
13485;Carl White
12516;William Clark
16914;Yvonne Jimenez
18129;Alexander Pope
13791;Edward Sanchez
16834;Diane Kim
12581;Rachel Miles
14050;Susan Cowan
16144;Anthony Butler
16134;Jessica Aguirre
17581;Jamie Bush
14290;Jonathan Hubbard
15994;Joshua Jackson
16928;Diana Taylor
17600;Jerry Crosby
17975;Michael White
15916;Brittany Brown
12432;Michael Flynn
17507;Kimberly Obrien
15179;Jeanne Cruz
15023;Elizabeth Flynn
15365;Victoria Perez
14548;Kevin Burns
12704;Carrie Moore
17994;Jacob Walker
15573;Chris Ramsey
14107;Brett Martin
15463;Brian Roberts
13351;Tracy Baker
15223;Michael Hodges
17538;Tonya Crosby
15160;Tanner Rivera
13008;Ryan Baldwin
13278;Kara Goodwin
12557;David Miller
14603;Scott Perez
13209;Billy Cohen
16218;Dale Johnson
13643;Charles Russell
13515;Kenneth Hinton
14438;Martha Rowe
12940;Justin Hunt
15165;Veronica Garcia
12748;Matthew Hayes
14569;Andrea Griffith
13211;Barbara Stokes
12437;Anna George
15343;Heather Olsen
13886;Tara Duran
15520;Valerie Montgomery
16769;Sarah Roberts
18217;William Hansen
14447;Andrea Martin
12688;Brittany Hull
14073;Kim Sherman
18085;Lindsey Williams
14256;William Powers
17346;Michelle Miller
15529;David Larson
13085;Deborah Sosa
17707;Margaret Floyd
16905;Karen Zuniga
15606;Paula Owens
13555;Sarah Lara
16260;Suzanne Weaver
16839;Kevin Woodard
14089;Brian Hood
16616;Dale Stein
16571;Jeremiah Turner
12377;Timothy Park
13780;Krista Mclaughlin
16372;Deanna Crawford
15605;William Robinson
16477;Victoria Foster
14514;Juan Baker
14152;Susan Holmes
17829;Catherine Mercado
16370;John Shelton
17566;Kevin Campos
15912;Kevin Rosales
14503;Elijah Cox
12950;Erin Mcmillan
14112;Stacey Henson
16284;Lee Mccall
13974;Christina Hammond
16727;Justin Lyons
13391;Kaitlyn Vasquez
16112;Yvette Fleming
15874;Joseph Tucker
13536;Kelsey Fry
13320;Stephen Baird
16634;Gregory Bass
17377;April Hernandez
17044;Allison Perry
16025;Brian Perez
14594;Allison Erickson
12789;Ashley Jordan
16592;Pamela Young
14897;Miss Julie Harrington DDS
18105;Angela Hernandez
15330;Erin Brown
13960;Michael Peterson
17097;William Colon
13874;Sierra Roth
17524;Angela Rios
12785;Javier Solis
17951;Brandy Bender
13495;Kelsey Jenkins
12838;Jean Reese
17913;Jerome Gibson
16979;Catherine Strickland
13849;Michele Lopez
14476;Dr. Kyle Kelly
16076;Daniel Acevedo
16505;Jennifer Douglas
17824;Dean Boyd
15225;Robert Acosta
16045;Mr. David Mcclure
17923;Amber Andrews
15150;Ian Welch
15727;Brandy Adams
12594;Alexandria Christensen
15725;Shawna Schroeder DDS
16957;Joseph Dougherty
16177;Victor Fields
12971;Dr. Emily Crosby
15891;Jonathan Bates
14499;Michelle Mitchell
14264;Donna Weaver
15826;Linda Elliott
15464;Kaylee Dawson
13396;Victoria Rodriguez
12654;Annette Scott
14301;Krista Carter
14557;Rachel Clark
13963;Nicole Carlson
14626;William Torres
13319;Luis Murphy
12359;Stacie Horton
15535;Lisa Reyes
15407;Walter Walker
16083;Rachel Griffith
14267;Nathaniel Rose
13568;Tara Thomas
16594;Dean Buck
12817;Michael Doyle
13663;Russell Barr
18084;Christopher Wilkerson
16639;Michael Griffin
12348;Michelle Wong
14854;Larry Howard
17865;Sarah Glenn
17095;Andre Huynh
14808;Brittany Hernandez
13417;Sharon Bautista
13584;Samantha Johnson
12913;Tammy Brown
13751;Elizabeth Moore
12444;Theresa Reid
17805;Nichole Marquez
15194;David Moore
17905;Teresa Woods
14009;Lindsey Patel
13203;Casey Castro
16985;Joe Webb
15274;Mr. Jason Thompson MD
14498;Diane Kim
14847;Shannon Dickerson
16148;Christina Robinson
17354;Timothy Young
15345;Jennifer Olson
17371;Dennis Tapia
16173;Martin Bentley
12574;Stephen Rollins
15555;Aaron Benitez
16569;Gina Lawson
13742;Courtney Krause
16782;Laurie Charles
18018;Michael Dalton
15292;Elizabeth Baker
16666;Danielle Roberts
12578;Paula Green
15919;William Warren
14251;James Shepherd
12747;Dr. Jacob Martinez DVM
15269;Calvin Larsen
14332;Craig Pope
13199;Caitlin Stein
16048;Tommy Anderson
13243;Kimberly Williams
15006;Melissa Kelley
17223;Mary Mullins
12916;Gary Perkins
15637;Susan Bright
12657;Brent Thompson
13509;Elizabeth Moore
13518;Thomas Brown
15144;Cindy Dillon
18077;Morgan Vaughn
18120;Trevor Larsen
16573;Phillip Jacobson
15370;Brian Morales
12406;Cody Henderson
15608;Edward Myers
15252;Robert Mendoza
15028;Michael Ford
13299;Christopher Lewis
14824;James Frazier
15522;Melissa Gilmore
15412;Penny Ballard
13558;Sergio Williamson
13869;Zachary Nichols
12602;Sonya Murphy
16015;Meghan Hernandez
18227;Tony White
13790;Mr. Sean Bryan
12891;Terry Morgan
17138;Anna Kramer
13737;Anthony Benton
16374;Larry Davidson
16784;Elizabeth Powers
13000;Jeremiah Cooley
14658;Thomas Walker
13812;Dylan George
13718;Rebecca Herrera
13370;Carolyn Elliott
14355;Whitney Martinez
12652;Holly Stephens
15940;Andrea Downs
14981;Miguel Brown
17394;Victoria Moore
15825;Joseph Farrell
14653;Daniel Bennett
13210;Garrett Zamora
12504;Dana Cain
17861;Albert Wong
12458;Holly Bond
17724;Adrienne Lopez
12717;Lydia White
17711;Roy Thomas
14147;Nicole Hammond
14803;Rebecca Martin
17795;Monica Davis
15081;Lindsay Watson
14237;Amber Ibarra
16849;Mark Frey
15076;Jessica White
14869;Kelly Castillo
17990;Trevor Wilson
14530;Monica Fischer
13418;Stephanie Sanchez
15104;Larry Smith
14546;Marissa Garcia
12434;Elizabeth Flowers
17639;Alyssa Gould
15855;Eric Jackson
13334;Keith Bell
17420;Charles Rodriguez
14967;Steven Mcdonald
17663;Cheryl Reynolds
14102;Brenda Boone
16109;Paula Hale
13026;Richard Moses
12431;Tiffany Hutchinson
17574;David Farrell
17084;Jay Boyd
14782;Rodney Smith
13889;Melanie White
12670;Robert Rodriguez
18143;Elizabeth Owens
14666;Alexandria Oliver
14769;Scott Martinez
15346;Timothy Chavez
17649;Carla Mccoy
16491;Kathy Green
14572;William Smith
12650;Jessica Miller
16255;Tracy King
13369;Jodi Carter
15434;Michael Hayes
13099;Jared Johnson
14853;Jonathan Jackson
15488;Andrew Walker
13066;Travis Floyd
13618;Jacqueline Mejia
16801;Travis Watkins
15661;Claire Harmon
12897;Tammy Mack
16323;Robert Jones
15184;John Livingston
17712;Sarah Sanchez
18141;Veronica Bryant
13198;John Smith
12566;Tracie Gibson
16837;Melissa Murray
17122;Jason Monroe
12607;Elizabeth Obrien
14371;Ronald Juarez
14592;Reginald Kramer
15525;Rhonda Meyer
16647;Katherine James
16913;Jessica Kennedy
12473;Cassandra Simmons
14222;Gregory Shah
15904;Derek Nelson
18194;Tyler Thomas
13468;Nathan Alexander
16609;Brandy Gonzalez
16065;Michael Guerrero MD
17520;Sarah Nichols
15092;Jeremy Alexander
16202;Lynn Boyd
17220;Michelle Smith
17579;Patricia Wilkerson
14712;John Smith
12500;Matthew Hernandez
13962;Lauren Walker
14298;Kellie Lewis
13388;Nicole Powell
13062;Kimberly Contreras
13635;Melissa Humphrey
16750;Stephanie Bell
14079;Michael Taylor
14414;John Gonzalez
17117;Eric Myers
13505;Nathaniel Castillo
17608;Carol Stewart
16257;Margaret Sanders
14093;Brandy Brown
13047;Barbara Graham
15694;Peter Davis
13048;Steven Perkins
13247;Lindsay Bowers
13005;Stephanie Ramirez
15002;Richard Lee
14696;Bobby Green
15240;William Henderson Jr.
15279;Christine Miller
14036;Kaitlin Brock
15987;Susan Johnson
12590;Justin Horton
18190;Grace Hill
17881;Mary Collins
12660;Kyle Sanchez
16708;Adam Spencer
16525;Deborah Kim
14113;Paul Harris
15117;Lance Woodard
18050;Stephanie Baldwin
12976;Dana Neal
14424;Kayla Cochran
12829;Deborah Olson
13011;Valerie Reed
12930;Jeremy Boone
15722;Tiffany Cox
17242;Vicki Cox
18269;Kristin Spence
18210;Victoria Robertson
15547;James Johnson
16997;David Wagner
18189;Crystal Graves
15512;Jeffery King PhD
13232;Michele Moore
13651;James Wilson
14796;Steven Perez
17806;John Kelly
17510;Jared Dawson
16984;Ashley Garcia
18138;Amanda Grimes
13437;Carlos Marshall
12589;Chris Tucker
17781;Aaron Rodriguez
14373;Deborah Adams
12428;Wendy Soto
14670;Phillip Valdez
17921;Leslie Ruiz
13384;Kelly Paul
14849;Diana Harper
17180;Erin Henderson
14360;Ryan Bennett
17293;Emily Watson
17654;Christopher Chambers
15492;Deborah Jensen
17232;Gregory Hall
17695;Scott Reed
17434;Johnny Yates
16333;Patricia Romero
17085;Erin Hall
15793;Glen King
15048;Katie Bray
13884;Alejandro Snow
16671;Hunter Bishop
17171;Kim Morris
17053;Katherine Richards
12705;Robin Prince
15856;David Moore
12427;Christopher Boyd
13808;Lori Strickland
16493;Anthony Baker
14027;Tracy Lee
13600;Ashley Taylor
15134;Alexandra Hall
15681;Evelyn Mccarthy
15432;Matthew Cox DVM
18118;Robert Williams
17890;Jessica Parsons
14158;Tiffany Wright
16038;Keith Burns
17844;Charles Soto
16428;Antonio Martinez
15553;Cheryl Smith
17070;Victor Hamilton
14697;Ryan Duran MD
17499;Caitlin Johnson
15239;Dawn Henderson MD
15078;Andres Ward
15532;Belinda Jones
17002;Jasmine Nguyen
13592;Jasmine Young DVM
14998;Kristy Miller
15921;Whitney Thornton
16644;Rachel Cooper
17899;Kimberly Lopez
15014;Emily Rodriguez
16873;Becky Evans
15406;Maureen York
12561;Karen Gill
13548;Tina Peterson
13109;Samuel Blankenship
15344;Christine Baker
17065;Shane Fernandez
12408;Bruce Hernandez
15396;Victoria Alvarez
15640;Jordan Stein
17879;Mary Mclean
15689;Sara Clay
14470;Ryan Sanchez
13815;Vanessa Bartlett
17092;Robert Williams
17698;Beth Porter
13068;Shawn Shannon
15782;Ryan Turner
14731;Jennifer Reeves
14539;Brenda Durham
14601;Alexis Collins
17690;Ian Fields
14587;Ryan Cowan
14240;Gary Delgado
16349;Mark Rodriguez
15465;Andrea Torres
13126;Robert Gonzalez
13148;Benjamin Reilly
15083;Sheena Morton
14920;Valerie Jackson
16412;Alicia Thompson
15776;Lucas Wilson
13032;Stacy Walker
13408;William Walter
18142;Larry Brewer
13116;Lisa Allen
12483;Eric Huber
13082;Mark Potts
16652;Jennifer Jacobs
16921;Laura Olson
15121;Justin Good
17704;Jon Gonzalez
17265;Nathan Johnson
12762;Robin Erickson
15545;Brian Mccoy
15312;Richard Henry
14878;Chase White
15339;Mackenzie Martinez
13761;Christopher Joseph
13933;Christopher Miller
16014;Jesus Reeves
14710;Megan Franklin
13265;Sharon Mcgrath
15045;Kyle Kelley
16441;Matthew Brown
17597;William Johnson
15201;James Russo
16656;Brandon Taylor
14431;Charles Jones
12794;Jessica Robinson
17201;Maria Gibson
14443;Alicia Garrett
13154;John Griffin
15974;Mr. Andrew Henderson
15203;Tom Dunn
14288;Charlene Hicks
17071;Mark Griffin
16315;Andrew Greene
12871;Mackenzie Spencer
14242;Stephanie Miller
15923;Heidi Burton
16978;Jamie Cole
15227;David Henry
15234;Andrea Hood
14598;George Butler
14865;Troy Fox
13218;Nichole Mcdonald
15628;Emily Calhoun
14886;Sherry White
18102;Michael Walter
15271;Jeremy Levy
15035;Jimmy Patterson II
14174;Robert Marks
15900;Jerry Wright
12842;Amber Kane
16010;Kevin Shaw
18211;Samuel Knapp
14800;Jennifer Ellis
13856;John Johnson
14765;David Fitzgerald
13136;Angela Becker
14901;Danielle Jensen
18016;Michael Kennedy
16318;Jeffrey Holland
13596;Holly Hess
17373;Julia Garcia
13735;Marcus Gray
14241;Jonathan Smith
12885;Richard Howard
15700;Jeffery Foster
17674;Rebekah Solis
18056;Adam Robinson
13236;David Escobar
16401;Kristina Fisher
13806;John Gonzalez
17173;Monica Sanchez
15822;Jennifer Smith
13824;Alexandra Carroll
13170;Brian Flores
16457;Douglas Webb
14625;Juan Woodward
14416;April Perez
16718;Angela Mcneil
18225;Danielle Donovan
16342;Madison Harris
16762;Stephen Schroeder
16552;Alexis Mccoy
15012;Maria Moody
14060;Suzanne Morrison
14976;Andrew Silva
18135;Cheryl Martinez
15853;Darren Morris
13192;Alyssa Hubbard
15049;Tiffany Davies
14929;Beth Edwards
16633;Elizabeth Smith
17460;Audrey Anderson
13355;Victoria Moreno
15531;Sara Chapman
17449;Aaron Lin
12449;Kristi Salazar
14083;Andrea Welch
12955;Bonnie Williams
15562;Kathy Wilson
16169;Bridget Howell
12386;Nicole Harrison
16224;Jeremy Aguilar
14080;Jordan Hardy
16123;Michelle Bates
12908;Jeremiah Reid
15154;Robert Davis
17642;Tammy Mendoza
12588;Tiffany Nelson
14037;Stephanie Riggs
12539;Andrew Allison
14407;Mary Strickland
16889;Christine Hernandez
15533;Kara Martinez
15654;Marcus Torres
13750;Richard Smith
17337;Traci Mason
14709;Edward Miller
15315;Terry King DDS
17870;Gina Sanders
15747;Marco White
16583;Daniel Larson
12734;Douglas Garrett
13470;Faith Flowers MD
16794;Anita Riley
15880;Kara Silva
12726;Erika Young
17463;Terry Daniels
12378;Mrs. Misty Soto
17090;Wayne West
16579;Christina Boyd
15587;Todd Wright
13090;David Nunez
17723;Heather Jackson
14344;Lisa Wells MD
13950;Leah Taylor
13339;Gregory Crawford
18065;Joseph Douglas
16022;Angela Stewart
17715;Michelle Peters
13517;Tiffany Monroe
16470;Jessica Willis
14716;Emily Allen
16734;Antonio Adams
14566;Renee Smith
17735;James Elliott
15630;Zachary Johnson
16041;Robert Woods
13362;David Rodriguez
18259;Mr. Andrew Norton PhD
14108;Joann Vega
14480;Bobby Jacobson
15669;Christopher Jones
14014;Dana Cole
16496;Melinda Robinson
13784;Mr. Austin Hernandez
16892;Adam Mcdonald
16965;Gary Sanders
12354;Mrs. Leslie Evans
16788;Kim Smith
17345;Bridget Thompson
17187;Pamela Moore
13697;Marcus Hubbard
13747;Sandra Wright
14889;Jonathan Garrison
15652;Brian Miranda
17091;Bradley Walker
13162;Kevin Smith
17889;Karen Graham
13497;Danielle Willis
15218;Mariah Rodriguez
16407;Brittany Young
16871;Rebecca Taylor
12418;Shawn Owen
13080;Jenna Scott
12832;Yvonne Garza
13439;Annette Sharp
13589;Summer Fritz
14850;Ashley Morgan
15897;Erica Trujillo
14382;Wanda White
17100;Joanna Nguyen
12579;Richard Johnson
17247;Shannon Ortiz
14257;Joshua Taylor
17820;Charles Bailey
16519;Tony Henderson
16142;Lauren Jones
15350;Nicole Swanson PhD
15133;Michelle Blair
13421;James Manning
18093;Jordan Perry
15415;Jackie Lara
13706;Rachel Stephens
17857;Cameron Mendoza
17891;Rodney Davidson
15460;Michael Collins
13045;Melissa Mason
16368;Angela Taylor
12531;Valerie Jenkins
13631;Jennifer Myers
17888;Rachel Reed
17329;Paige Klein
16771;David Crane
16765;Paul Mitchell
15116;Catherine Logan
13447;Todd Stewart
12509;Christina Mack
14346;Jennifer Bass
17790;James Graves
17856;Daniel Aguirre
16638;David Williams
12356;Maria Taylor
18180;Jacob Smith
15471;John Bailey
17349;Dylan Moreno
14329;Nancy Edwards
16745;Jenna Waters
13133;Tracy Nelson
13322;Francis Berg
15721;Bryce Sawyer
15010;Chelsea Harris
15156;David Cherry
14245;James Cobb
17731;Mitchell Marshall
18053;Ashley Hess
14067;Joseph Williams
14529;Teresa Lopez
13382;Andrea Cardenas
14723;Mike Peters
16272;Nathaniel Freeman
17961;Peter Cunningham
12729;John Anderson
15674;Sarah Fitzgerald
14636;Brett Tran
12795;Joshua Hudson
12457;Paul Brown
12830;Michael Wright
13015;Kyle Cross
15258;Marie Hardin
16623;Mark Robinson Jr.
14340;Maria Nelson
17448;Jennifer Weber
16835;Jacob Wilson
15400;Mrs. Katherine Harper
16858;Michael Clark
14002;Scott Pace
16313;Ryan Gregory
18147;Scott Fernandez
16967;Felicia Martin
17186;Eric Martin
14985;Jonathan Campbell
16546;Jack Brown
17081;Paula Mccoy
15467;Miranda Ramirez
15933;Brian Lane MD
15281;Cassandra Nelson
14513;Jennifer Woods
14766;Valerie Chang
18248;Mark Lewis
17877;David White
14680;Russell Cole
16458;Jennifer Martin
17075;Dale Hensley
17980;Richard Pennington
15410;Laura Smith
13323;Raymond Brown
15609;Claudia Hanson MD
16855;Krystal Campbell
16503;Amy Boyle
15208;Kelly Garcia
15505;Jason Harris
15732;John Ortiz
18059;Michael Smith
14030;Brian Taylor
12867;Barbara Sanders
15290;Elizabeth Oconnell
16660;Matthew Valdez
13508;Mr. William Stanley MD
17436;Jeffrey Thompson
14713;Lisa Chavez
14000;Sharon Carpenter
12465;Charles Wilson
18144;Jonathan Jones
16954;Peter Gonzalez
17519;April Lewis
18032;Michelle Gardner
13725;Stephanie Watkins
13634;Michelle Perry
13038;Angela Murphy
12811;Michelle Knapp
17670;Paul Wells
17836;Crystal Mosley
17289;Shannon Morgan
13591;Holly Williams
18149;Erik Miller
12766;Samuel Valencia
17968;Christopher Morrison
15550;Laura Bush
15691;Jamie Peterson
17046;Justin Brown
17545;David Madden
16438;Traci Berry
14015;Keith Foster
14652;Timothy Myers
17799;Jacqueline Dodson
14593;John Vazquez
16265;Tammy Young
14211;Tina Jackson
16641;Michelle Blake
15364;Jacob Carter
13430;Melissa Le
16732;Tiffany Williams
16005;Jordan Meyer
15457;Cynthia Case
17960;Carol Kaufman
18233;John Cooper
15656;Victor Hardy
15839;Michael Perez
16498;Tina Valenzuela
14401;Lisa Ward PhD
13632;Gerald Perez
13327;Joshua Santos
15668;John Gutierrez
12478;Kevin Johnson
17970;Cassandra Mendez
14640;Joy Bennett
16598;Alyssa Moore
15866;Gary Hayes
16187;Vickie Green
15829;Taylor Morris
16650;Angela Lewis
17282;Rachel Hayes
15473;Andrew Smith
16235;Mackenzie Hall
15296;Stephanie Reynolds
15576;Elijah Hamilton
13759;Tabitha Allen
15518;Cynthia Jones
16990;Christine Gentry
12471;Jeremy Jenkins
16987;Gina Craig
15909;Karen Park
17339;Mark Coffey
17312;James Maldonado
12635;Mike Gentry
12518;Mary Chapman
13089;Yolanda Kidd
14157;Brian Ramirez
17128;Paul Ramirez
13499;Shelly Weaver
12409;Martin Mayer
14019;Tommy Wright
16175;Andre Mejia
12719;Rachel Brennan
17004;Kathy Nolan
16848;William Garcia
15428;Holly Mccall
13636;Antonio Sharp
14910;Susan Solis
18069;Sandra Roberts
15658;Danielle Fuentes
16206;Jeffrey Gonzalez
13588;David Miller
14495;Natasha Huerta
16462;Leslie Murphy
12716;Craig Murphy
16433;Kathryn Ford
15799;Allen Hoffman
13639;Kristen Gonzalez MD
15622;Eduardo Christian
16960;Anna Castillo
16172;Benjamin Smith
16930;Mrs. Taylor Fletcher
15113;Kaitlyn Carter
17676;Katrina Benton
13569;Cole Figueroa
18278;Scott Salazar
18215;Anthony Taylor
13678;Elizabeth Johnson
14754;Jasmine Lopez
18116;Crystal Stewart
13296;Nancy Williams
17163;Tammy Walter
16054;Jonathan Wade
13332;Michelle Hull
17017;Dorothy Lopez
15592;Cindy Mata
18273;Connie Johnson
13805;Joshua Smith
14896;Brian Lam
17347;Dr. Jacob Wilcox
17040;Frederick Walters
16804;Stacey Santos
14523;Jessica Vazquez
18072;Kathleen Greene
16378;Jennifer Gallagher
15847;Lisa Smith
14562;Angela Young
13030;Adam Kelley
14806;Ricardo Richards
14759;Juan Olson
13598;Sarah Burke
15803;Brian Mcdowell
17733;Jose May
18179;Lisa Ortiz
17064;Jeffery Nelson
14356;Richard Odonnell
13829;Ms. Susan Jones
18256;Julia Myers
13516;Thomas Evans
12355;Jessica Hamilton
12778;Scott Long
17109;Lisa Hernandez
17385;Kathryn Miller
15286;Kelsey Jones
15805;Keith Fernandez
16812;Jasmine Moss
13675;Julian Thompson
16553;Sarah Martin
16103;Ricardo White
13769;Dr. Scott Davis
14364;Laura Harris
12683;Theresa Williams
14684;Tammy Vazquez
12523;Christopher Perry
14772;Nicole Flores
15444;Robert Chapman
13656;Logan Smith
16352;Patricia Ho
16341;Frances Hunter
15539;John Mccoy
14553;Ashley Miller
13272;Stacey Calhoun
13230;David Rivers
14866;Melissa Bates
15807;Brittney Graham
17614;William Gutierrez
14950;Ronald Butler
16105;Marissa Jones
16618;Anthony Brooks
12722;Sean Wright
15299;Alyssa Owens
13398;Wendy Sweeney
13448;Darrell Martin
17367;Sarah Beltran
17212;Lauren Hall
16347;Katherine Parker
17490;Carrie Johnson
16179;Robert Brown
12833;Oscar Cuevas
13744;Ashley Armstrong
13023;Corey Bautista
14341;Matthew Schultz
15750;Caroline Carlson
13248;Tony Collins
13167;Ronald Stone
15948;Laurie Jones
13094;Kathryn Stevens
13064;Mary Ortiz
18181;Kathryn Coleman
14176;Cindy Howard
16061;Todd Weaver
13078;Kim Greene
16714;Scott Gray
15695;John Rogers
15791;Brandy Green
12949;Denise Juarez
14908;Tracy Lopez
17189;Janet Strickland
18044;Charles Powell
13990;William Roberts Jr.
14188;Nicole Martin
17887;Tina Rivera
15226;Danielle Anderson
15667;Gail Roberts
17236;Zachary Benjamin
16212;Dana Green
16309;Jacob Taylor
15955;Anna Blankenship
14960;Brett Gonzalez
18257;Mario Smith
15091;Curtis Johnson
13267;Jillian Faulkner
17038;Sean Santiago
15705;Brian Morgan
13695;Alexander Macdonald
15099;Angelica Garcia
13544;Tabitha Smith
12565;Michael Rubio
16484;Jenna Smith
15753;Ryan Hansen
15061;Kathy Cooper
16250;Patricia Ramos
13958;Martin Dunn
13982;Paul Simmons
12707;Nicole Jordan
16451;Deborah Orozco
13349;Stephanie Smith
15093;Jennifer Rodriguez
18006;Corey Nelson
17728;Paul Jones
14068;Joseph Jackson
16872;Robert Brewer
14862;Robert White
13995;Brian Diaz
12872;Brad Owens
16904;Erin Ellis
17843;Jonathon Horton
17613;Jennifer Reynolds
17364;Melinda Chen
17685;Sarah Brooks
13491;Pamela Johnson
15910;Douglas Evans
13141;Jerry Joseph
14507;Jeremy Parker
17886;Catherine Gentry
12639;Debra Wilson
13873;Robert Johnson
17014;Caitlyn Phillips
14289;Thomas Russell
14219;Jason Gordon
15142;Clarence Henson
17786;Richard Villegas
15216;Rita French
12662;Lisa Frye
17438;Nicholas Lopez
13828;Mary Harris
14484;Melissa Schwartz
15398;Melissa Costa MD
15129;Paul Vaughan
12664;Todd Price
16442;Deborah Nash
13524;Mary Greer
16168;Robert Jones
15289;James Watkins
16716;Sandra Holmes
16846;David May
13630;Amanda Taylor
13520;Megan Bradshaw
16113;Melissa Lucero
13165;Leslie Chen
13876;Lauren Hoffman
16239;Mario Li
18014;Charles Lopez
15041;Diana Ingram
17442;Mandy King
13552;Kevin Clements
12956;Steven Campbell
15167;Kevin Norton
17831;Emily Baker
12468;Yolanda Keller
12370;Billy Logan
16589;Jason Alvarez
14162;Dennis Bennett
17679;Monica Nash
15355;April Murray
17752;Scott Berger
17287;Kaitlin Brown
14428;Christine Davis
13055;Tammy Morales
14888;Joshua Stewart
12358;John Johnson
17788;David Chung
13040;Katie Weaver
17769;Raymond Ferguson
16430;Desiree Brown
12881;Chloe Gross
17954;Lindsey Anderson
15257;Michelle Lee
16337;Elizabeth Valencia
12854;Brandon Taylor
16999;Sarah Jones
15823;Daniel Perez
18075;Glenn Raymond
14389;Brenda Bennett
17652;Brett Romero
17131;William Olsen
16701;Jeremy Escobar
17593;Brandon Bean
14246;Jeffrey Odom
16668;Laura Wu
12572;Justin Stephenson
14098;Sarah Ryan
14948;Joshua Bryant
16795;Theresa Smith
13083;Donna Ruiz
17405;Kelli Cook
16755;Ashley Evans
14099;Michael Dixon
15898;Erika Burke
12727;Lawrence Richards
13482;Angela Haas
16398;Curtis Kim
17076;Aaron Boone
14226;Katrina Burns
15648;Kaylee Jordan
17429;Karen Carter
15098;David Jones
17432;April Barton
15567;Brittany Rodriguez
16444;David Perez
13255;James Keith
18034;Christopher Gross
17531;Beverly Hernandez
14591;Johnny Mills DVM
15858;Stacy Preston
15706;Shawn Diaz
16533;Marcus Jackson
16394;Gary Blair
18001;James Smith
17615;Lisa Randall
16847;Christopher Payne
16027;Cameron Jackson
12988;William Ramirez
14235;Matthew Burgess
16903;Tony Chang
14148;Jared Lyons
15687;Jeremiah Thompson
17897;Lisa Tran
13305;Marie Wilson
13858;Richard Mcknight
17317;Lynn Austin
15392;Mary Williams
14234;Mary Irwin
16810;Deanna Bell
12585;Kimberly Holmes
17666;Dawn James
14965;Holly Davis
16480;Raymond Mccoy
13844;Deanna Berry
17630;Matthew Robbins
14090;Joseph Little
12929;Ricky Li
12772;Richard Howard
14756;Kathleen Sanchez
13778;Theresa Williams
16351;Joe Weaver
12586;Richard Ford
17517;Pamela Castillo
15665;Lori Anderson
16098;Christina Mcgee
16950;Kyle Kerr
17534;Kristina Ferguson
17839;Anita Costa
12928;Mary Hayes
16053;Brian Rivera
15503;Jessica Mclaughlin
12837;Amber Clark
16302;Jason Lee DDS
13756;Jonathan Watson
18170;Sharon Mitchell
16912;Christopher Sanchez
16813;Chloe Holland
17259;Kristen Spence
12701;Curtis Curtis
14049;Vincent Newton
16230;Ethan Stevens
16748;Misty Sutton
15932;Christopher Mcgee
16081;Nicole Wilson
14481;Lisa Long
14885;Matthew Perry
13731;Nicole Coleman MD
15739;Tina Schmidt
17677;Christine Cole
13138;Kelly Ryan
13102;Clayton Harrington
13451;Patricia Parks
12982;Janet Hughes
14947;Shawn Romero
13719;Ernest Patterson
12622;Rebecca Wagner
13804;Adam Mcgee
14348;William Turner
15870;Tina Church
14081;Derek Bowers
16856;Michael Martin
13058;Thomas Mcdonald
15416;Nicole Lucas
17222;Emily Anderson
12993;Jenna Dodson
17830;Cheryl Taylor
16998;Terry Green
12715;Mary Shaw
14034;Megan Taylor
12883;William Huang
14583;Jasmine Neal
13803;Andrea Hayes
15845;Melissa Moore
17176;Dustin Bryant
16728;Emily Preston
15016;Kendra Gonzalez
15485;Patty Cox
13745;Sara White
16440;James Lara
15429;Amy Willis
17846;Tracey Powell
14452;Tammy Martinez
15171;Christine Russell
14232;Evan Thomas
15145;Luke Jackson
14705;Angela Ayers
16654;Derek Weber
13623;Danielle Ayala
12426;Sherry Goodman
15752;Renee Bell
18160;Samantha Bowen DVM
14817;Brandi Abbott
13106;Jenna Greene
14895;William Johnson
16208;Laurie Ramos
14315;Amanda Brown
15423;Ashley Hicks
13245;Timothy Bradshaw
13819;Dennis Brown
15582;David Ferguson
16555;Justin Moyer
15304;Michael Lucero
12461;Charlotte Nichols
12775;Alyssa Holt
17183;Marissa Miles
14883;Sabrina Charles
15563;Anita Harrell
16449;Danielle Williams
15287;Melinda Salas
14687;Adam Smith
16995;Terry Wright
15840;Charles Clark
14239;Kimberly Gutierrez
13340;Javier Peterson
15118;Mason Taylor
13297;Tracey Murphy
13715;Christina Tucker
15215;Aaron Moreno
13901;Connie Patton
12735;Sarah Robles
12503;Anna Henderson
14934;Chris English
17852;Kevin Cohen
12627;Tara Moore
12611;Stephen Garcia
13681;Monica Grant
16292;Melissa Williamson
16413;Andrew Madden
17937;Michael Huff
16405;Renee Holmes
17962;Christopher Hansen PhD
16689;Christine Benton
17942;Bradley Roberts
12755;Kimberly Adams
17356;Sherry Schmidt
13956;Kimberly Day
16400;Anita Ball
17863;Justin Long
15572;Johnathan Cantu
18173;Brian Castro
16670;Natasha White
16365;Randall Barry
17783;Cynthia Valdez
13276;Meagan Kelley
13800;Kathleen Fernandez
15625;Christina Dawson
12633;Joseph Harris
14935;Anthony Tran
18136;Dana Vasquez
17895;Luke Cooper
16358;Gregory Francis
15128;Amanda Curry
15232;Corey Smith
13752;Michael Baker
16311;Miguel Gardner
17159;Nathaniel Clark
12997;Nicole Diaz
15019;Casey Hurst
16092;Lisa Murphy
15147;Mary Farley
17987;David Richmond
14873;Jessica Mueller
16140;Joanna Singleton
12397;Debra Coffey
12723;Kevin Daniels
16851;Ashley Combs
13304;Edward Jenkins
16729;Catherine Horton
14689;Erin Whitaker
16627;Ashley Walker
14409;Anthony Fitzgerald
17573;Kenneth Campbell
16833;Jennifer Odonnell
17052;Kristen Joseph
13813;Jeremy Cantrell
17816;Luke Rodriguez
15480;Keith Burgess
17278;Brent Ramos
12763;Patricia Huang
13310;James Thompson
12477;Jamie Goodman
14608;Ashley Chen
14512;Lisa Perry
17244;Scott Leblanc
16359;Laura Reyes
17410;Benjamin Lawrence
15443;Michael Morgan DVM
13153;Carl Mitchell
17464;Bailey Hall
15690;Catherine Cooper
12674;Christopher Gonzalez
16189;Karen Cardenas
15660;Heather Ortega
13268;Kimberly Howell
14681;Peter Solomon
12989;Patricia Taylor
13587;James Aguilar
13043;Victor Benson
12488;Angel Orozco
16565;Barbara Clay
14178;Nichole Burton
15422;Jordan Hoover
16303;Gary Andersen
12576;Jose Garcia
15027;David Middleton
14641;Barbara Evans
16262;Jordan Cochran
13777;Michelle Burton
13389;Jenna Khan
12669;Denise Murphy
14012;Mark Schultz
14547;Donna Taylor
15766;Christopher Mueller
13743;Barbara Taylor
14870;Jill Jones
18058;Edward Moses
13615;Collin Hoover
13052;Sandra Nelson
14972;Luke Alvarado
14785;Brian Hendrix DVM
13314;Michelle Owens
16706;Angela Robinson
12587;Margaret Williams
13904;Tina Walsh
14161;Scott Scott
12494;Jessica Johnson
17214;Amanda Ferguson
17051;Richard Kidd
17956;Leah Bryan
15883;Cameron Prince
13878;Benjamin Short
13428;Laura Jones
16567;Christopher Lewis
14130;Mr. Roger Harrington
15366;Amy Edwards DDS
15042;Mrs. Melanie Schroeder DVM
12364;Hannah Deleon
18127;Joshua Arnold
13188;Heidi Cole
13426;Nicole Williams
15067;Alexis Henry
15942;Natalie Adams
16377;Christine Lopez
15639;Jesse Ochoa
12733;James Clayton
13617;Peter Hawkins
15508;Mario Goodwin
17604;Steven Acosta
15804;George Donaldson
15181;Alicia Taylor
15267;Michael Walker
17739;Christopher Stafford
12779;Billy Yates
14489;Wendy Herrera
15372;Samuel Campos
15984;Lori Browning
14163;Christine Mckenzie
14213;Sean Paul
18087;Martin Mcdonald
17496;Andrew Goodwin
13284;Emily Walsh
13594;Lance Burgess
13809;Samuel Martinez
13967;Susan Ramsey
17422;Dylan Wyatt
14995;Shannon Long
14342;Danielle Jackson
18113;Angela Vega
13124;Peter Mann
13686;Krista Hunt
16717;Jennifer Roman
16767;Erin King
14799;Vincent Quinn
15937;Sarah Bradley
13091;Benjamin Ward
17931;Catherine Rangel
14582;Janet Reilly
12497;Alexis Stone
18064;Kelly Goodwin
15071;Christopher Williams
17706;Heather Robles DDS
17700;Christine Ferrell
16722;Matthew Jones
16791;Jason Sharp
15321;John York
13563;Connie May
18073;Lori Garcia
17253;Christine Stewart
15189;Kimberly Smith
16107;Megan King
17080;Stacy Williams
13551;Thomas Velez
12714;Catherine Nichols
12623;Darrell Barnes
18191;Amber Evans
17158;Manuel Moon
15634;Amanda Smith
16186;Sarah Bradshaw
14537;Matthew Hall
16145;Troy Chandler
15414;Joann Zamora
16648;Laura Mayo
16244;Lisa Roberson
12479;Corey Torres
12398;Ashley Robinson
16478;Stephanie Aguilar
15729;Jennifer Carey
16247;Michael Coleman
12653;Lisa Andrade
15384;Daniel Butler
16110;Calvin Roberson
17398;John Velasquez
14189;Bryan Brady
13900;Steven Callahan
14101;Patricia Torres
15777;Paul Buck
12924;Dr. Teresa Fuller
18150;Helen Herrera
13338;Elaine Evans
16431;Daniel Carr
12393;Nancy Brown
15263;Anthony Brooks
15952;Harry Miles
12603;Lacey Bowman
17470;Matthew Hudson
13185;Alex Harvey
17603;Brian Evans
15469;Corey Williams
16746;Brianna Lynn
13610;Steven Mcdonald
16774;Julie Willis PhD
14141;Andrew Murray
15053;Zachary Wright
13208;Lisa Jones
16080;Calvin Coleman
17974;Dr. Bradley Mueller
14041;Daryl Reyes
16232;Thomas Douglas
13728;Ryan Jenkins
18009;Jennifer Walton
15254;Michael Howard
12951;Martin Mueller
17800;Mark Armstrong
14448;Barbara Gray
17101;Jeremy Jones
12893;Donald Banks
12823;Jessica Williams
12508;Brenda Yates
18209;Grant Osborne
14661;Timothy White
14105;Linda Ibarra
13645;Maria Keller
14527;Jodi Burke
17370;Benjamin Harmon
14952;Jamie Weaver
13455;Leslie Stewart
14280;Brittany Arroyo
16482;Alyssa Nguyen
12843;Anthony Johnson
13166;Kevin Scott
18281;Maureen Newman
16719;Melissa Dunn
13061;Scott Scott
15348;Joseph Smith
14882;Emily Wright
12374;Amber Reeves
13614;Samuel Smith
12526;Julie Harrison
14323;Mrs. Gail Owen DDS
13929;Kimberly Johnson
15022;Jason Nelson
17006;Tammy Saunders
13277;Amanda Curry
15785;Darrell Lewis
14907;Brandon Harmon
13151;Anthony Lopez
16601;Anna Austin
16415;Brian Adams
17205;Kevin Greene DDS
15517;Christy Cortez
15314;Jesus Torres
17221;Shane James
16539;Robin Clark
15369;Katherine Miller
14560;Leah Williams
13436;Ashley Smith
16684;Shari Brady
12383;Christie Carroll
12904;Mary Garrett
16274;Thomas Cline
14584;Marcus Salinas
15988;Todd Garner
14725;Christopher Reed
16593;Joshua Smith
12917;Lindsey Copeland
16466;Tyler Hale
16253;Sara Huffman
15867;Christopher Gregory
13144;Joseph Allen
14859;Adam Robinson
16316;Melinda Dixon
14463;Thomas Morton
14830;Ms. Lisa Ross
18229;Derek Martinez
12851;Joshua Hill
13356;Craig Combs
15031;Mark Francis
18239;Janet Johnson
15458;Steven Weber
17562;Karla Reynolds
12750;Spencer Evans
13782;Christopher Maxwell
13093;Ashley Weber
16474;Ms. Tiffany Wiggins
18268;Shannon James
12433;Ashley Mahoney
16842;Melissa Wright
14247;Julie Perez
14418;Matthew Cobb
16629;Matthew Nguyen
15854;David Bauer
16824;Timothy Smith
16261;Brittney Tanner
13659;Michael Munoz
13626;Erica Porter
17941;Jacqueline Smith
17254;Daniel Brock
16139;Scott Brown
14946;Sandra Paul
14511;David Middleton
15311;Abigail Riley
14638;John Roman
16227;Miguel Oneal
16678;Bruce Green
15277;Douglas Jennings
13892;Kayla Rogers
18255;Cynthia Rice
13711;Joseph Sharp
17331;Jennifer Green
15222;Daniel Carlson
16326;John Burns
18231;Julie Anderson
16183;Matthew Davis
16910;Michelle Mcgee
12475;Frederick Gross
15775;Misty Taylor
14135;Jose Cobb
18161;Melissa Good
15005;Jack Dickson
17443;Jessica Ross
16353;Kenneth Johnson
12797;Matthew Pollard
18155;Kaitlyn Daniel
17738;Pamela Michael
12963;Samantha Higgins
15812;Thomas Perez
16877;Eric Oneill
14970;Mark Walters
16624;Jessica Miller
13301;Timothy Martinez
13104;Dana Collins
15097;Susan White
17966;Kevin Johnson
13736;Danielle Reid
15574;Jeffrey White
12999;Peter Shelton MD
16545;Michael Smith
17019;Katelyn Gill
12372;Janet Moran
14633;Kimberly Miller
14740;Jeremy Compton
13282;John Ward
18081;Kristen Gregory
13259;Robin Taylor
14801;Matthew Jones
13345;Michelle Garcia
13838;Lori Garcia
16506;Matthew Chapman
15288;Miguel Henry
15852;Carl Hughes
12407;Miss Kimberly Sanders
18185;Austin Bryant
14142;Cory Sandoval
18242;Sabrina Hubbard
13121;Mr. Jonathan Krause
12520;Brianna Johnson
13562;Sherry Ray
15830;Rose Lutz
15980;Sandra Wood
16628;James Adams
12462;Cheryl Church
14757;Brandon Martinez
16454;Heather Pierce
16926;Rachel Reid
14851;Curtis Park
16523;Katherine Robinson
13510;Ashlee Myers
18222;Matthew Stephens
15125;Sarah Williams
12380;Jordan Williams
13936;Corey Mendoza
16528;Stephanie Price
13107;Melissa Nelson
12647;Anthony Sherman
17730;Crystal Watson
15347;Julie Norton
16805;Valerie Hahn
14272;Laura Hoffman
17528;Elizabeth Preston
14128;Tiffany Ward
13888;Sean Cline
14628;Devin Obrien
17334;Rebecca Duncan
17086;David Brown
13475;Judy Gonzalez
13854;David Hoffman
14261;Kaitlyn Maddox
13416;Joseph Garrett
13178;Benjamin Miller
17162;Laura Webb DDS
16193;Kelly Jones
13249;Alexis Hudson DVM
14140;Matthew Kline
18193;Alyssa Glass
13358;Bryan Sanchez
13460;Tiffany Hernandez
13700;Lisa Chavez
15930;Megan Graham
14270;Madeline Harrell
16558;Gary Cooper
16127;Benjamin Conrad
16859;Samuel Campbell
16178;Jordan Andrews
16682;Sherri Ellis
14923;Melissa Thompson
15228;Joshua Nelson
12402;Lucas Clark
17984;Brianna Salazar
15835;Tracy Hall
17414;Michael Hughes
18205;Kenneth Bryant
12425;Rhonda Reed
14334;William Stevens
13029;Anthony Cook
18174;Rebecca Martinez
13704;Luis Lester
16383;Nicholas Ramos
14747;Harry Graves
15510;Tiffany Nichols
12474;William Hill
17521;Dawn Howard
16488;Cheryl Ochoa
16825;Jonathan Kelley
12840;Zachary Phillips
12987;Heather Garcia
15325;Mary Russell
13431;Darrell Sanders
13366;Geoffrey Montgomery
17675;Shelia Mendoza PhD
12454;Mark Brown
15860;Amy Duncan
14336;Christine Smith
17767;Bryan Kramer
15453;Kevin Jones
15738;Michael Reynolds
16157;Bruce Freeman
18252;Emily Mooney
17978;Rodney Wise
16115;Allison Banks
15810;Michelle Flores
12920;Anthony Shelton
16411;Shannon Stevens
16612;Jenna Frazier
15755;Jason Spears PhD
17279;Rebecca Garrison
17146;John Hayes
17255;Aaron Curry
14038;Christine Wilson
16823;James Evans
17878;Robin Campbell
17898;Brooke Baker
17935;Adriana Robinson
16416;Daniel Williams
17286;Beverly Liu
16119;Nathan Thomas
12875;Johnathan Soto
15260;Samuel Douglas
16927;Amanda Ware
14352;Robert Walker
14149;Diana Garcia
12713;Robert Bennett
12573;Matthew Allen
14522;David Murphy
14204;Michael Clark
16221;Douglas Moore
13295;Edward Martinez
16596;Tiffany Williams
12534;Alexandra Romero
12357;Patrick Mccarty
13532;Timothy James
17523;Laurie Rich
16007;Margaret Stout
12689;Mr. Darren Romero II
17198;Felicia Mcgee
13989;Jesse Coleman
13110;John Malone
12453;Heather Henry
13771;Steven Jarvis
15180;Scott Nelson
17854;Andrea Wilkinson
18287;Stephen Martin
16880;Tyler Taylor
13187;Gregory Fuller
13385;Emily Torres
17372;Michael Briggs
17430;Melanie Simmons
12421;Valerie Ramirez
16897;Jason Williams
14397;Misty Hale
13441;Michael Garcia
15213;Andrew Woods
14538;Keith Mercado
15087;Michael Harris
17701;Brittany Berger
12571;Kimberly Kennedy
16669;Ashley Trevino
18203;Mark Gould
13512;Shelly Serrano
16379;Amanda Wheeler
15636;Richard Evans
13280;Debbie Thomas
17350;Thomas Smith
15164;Jesse Cummings
17929;Kimberly Mcpherson
17589;Ana Thompson
17135;Ashley Rowland
15834;Robert Cuevas
17797;Jaclyn Graves
12680;Rachel Boyd
18123;Andrea Terrell
16161;Russell Gonzalez
16698;Scott Lawrence
17506;Diane Howell
16556;David Miller
17489;Scott Warren
17144;Tammy Sampson
16020;David Williams
16971;David Lucero
12445;Christopher Griffin
12857;Christopher Ashley
14703;Kristine Vang
15065;Abigail Hall
16899;Alexis Ortiz
17392;Jennifer Erickson
15140;Kelly Lawrence
14984;Douglas Green
12464;Nicholas Edwards
14320;Isaac Brown
14221;Joseph Ware
15714;Stephanie Hicks
14299;Margaret Mendoza
13898;William Atkinson
16117;Barbara Hoffman
14004;Andrew Schneider
18061;Nicholas Romero
17105;Gregory Lewis
17602;Cheryl King MD
17433;Daniel Wilcox
15589;Laura Cook
17668;David Robinson
16126;Rebecca Woods
14390;Daniel Miller
15626;Eric Gutierrez
15417;Michael Blake
15466;Lori Park
13503;Dr. Benjamin Green
16705;David Rojas
18096;Denise Olson
16597;Tamara Miller
14621;Angela Murray
13690;Kevin Stevens
16907;Tina Gordon
15437;Julia Church
14692;Robin Gibson
13893;Holly Robinson
15489;Zachary Maldonado MD
13911;Grace Howard DDS
15178;Alexandria Hartman
18101;Anthony Woods
12822;Jennifer Carpenter
12752;Daniel Shelton
15500;Jerry Rodriguez
18048;Julie Kirk
16240;Heather Mccullough
12346;Anthony Wilson
16863;Melanie Watson
15526;Christopher Patterson
16350;Adam Johnson
17211;Angel Fisher
12968;Kyle Arroyo
12548;John Strickland
16024;Justin King
17664;Joshua Velasquez MD
16887;Lisa Lucas
17659;Leonard Hill
15814;Jerry Anderson
16737;Scott Tran
14196;Stacy Bradley
13557;Wendy Edwards
12658;Christopher Neal
16807;Samantha Cox
15680;Christina Williams
16878;Kenneth Alvarez
13103;Paula Adkins
15149;Christine Cox
13760;Karen Atkinson MD
16751;Richard George
16385;Kendra Price
17025;Angela Bright
12668;Valerie Brown
13137;Sherry Anderson
14659;Nicholas Anderson
14236;Jacqueline Wheeler
12902;Robert Navarro
14029;Lisa Herrera
15060;Brian Wallace
16642;Joshua Casey MD
15671;Marcus Trujillo
14456;Brian Martin
13560;Rebecca Brown
14304;Dawn Murphy
15105;Amy Jimenez
14813;Jeremy Little
15212;Dr. Alexander Aguilar MD
17299;Carrie Henderson
17588;Donald Padilla
16949;Samantha Martinez
16222;Ethan Miller
15632;Brenda Jones
14233;Sarah Brown
13352;Michelle Johnson
13692;Joshua Humphrey
15381;Susan Lawson
12413;Karen Martinez
17936;Michelle Sanchez
13880;Marissa Allen
14597;Cindy White
14748;Mr. Logan Kim DDS
16700;Mrs. Julie Moore
15139;Jamie Murray
12909;Alison Jones
13887;Deborah Sherman
12551;Michael Carter
15806;Lauren Fisher
15438;Kristine Johnson
15624;Jennifer Johnson
13279;April Camacho
15374;Robert Mercer
12744;Jenna Hamilton
14282;Amber Cain
14483;Elizabeth White
15382;Gregory Kelly
12784;Andrew Singh
13767;Charles Cooper
17885;Jessica Figueroa
13429;Debbie Kaiser
13160;William Myers
16305;Christopher Graves
16325;David Waller
14124;Michael Myers
15949;Matthew Moreno
18177;Andrea Garcia
12815;Maria Simmons
15349;Vickie Bentley
14752;Dylan Austin
15537;Daryl Gonzales
17357;Kathleen Nunez
17771;Alan Bennett
14644;Brittany Booth
16163;Casey Payne
16174;Olivia Yang
17616;James Wilcox
13673;Justin Jackson
17102;Veronica Diaz
18172;John James
16298;Bradley David
16468;Matthew Thornton
14013;Ashley Shah
17964;Christopher Grant
14198;Shannon Figueroa
12480;Scott Rowe
13881;Jason Smith
12879;Rebecca Maldonado
17384;Sheila Davis
13894;Laurie Black
14062;Heather Smith
13606;Daniel Huerta
15493;Ashley Robinson
15057;Anna Bauer
14828;Roy Brown
13381;Chad Mueller
17290;Lauren Adams
18088;Robert Page
17671;Sean Carter
16637;Carol Baker
12676;Taylor Gibson
14386;Tina Moore
17972;Robert Hernandez
17621;Joshua Thomas
18263;Alex Santos
16789;Andrea Salas
13184;Sandra Smith
15786;Heather Richardson
12532;Kimberly Clark
14305;Sean Moore
15313;Jerry Lewis
12966;Lauren Alvarado
13726;Matthew Potter
16432;Derrick Osborne
14461;Dr. Justin Lane MD
15195;Margaret Poole
14542;Stacy Strong
17584;Katherine Scott
13638;Chelsea Williams
13883;Aimee Hall
14629;Joseph Hood
15394;Thomas Fields
16152;Ms. Ebony Soto
13519;Debra Welch
12638;Hannah Knox
15168;Jeffrey Kerr
17383;Lauren Boyle
15554;Jennifer Walker
16915;Craig Bennett
14649;William Hughes
16933;Andrew Lane
12943;Heather Roth
14861;Amber Gray
14100;Alicia Levy
16959;Dr. Laura Burke
16809;Eric Nelson
13652;Amanda Sanchez
16806;Jeffrey Harris
14682;Sean Lucas DDS
17119;Michael Espinoza
14145;Christine Diaz
15018;Charles Smith
16450;Jason Evans
15088;Mrs. Kristina Davis DDS
12617;James Ross
16423;Steven Francis
16356;Amanda Hubbard
16031;David Wright
12965;Melvin Green
13246;Steven Haynes
12626;Justin Maynard
14209;Natasha Krueger
17409;Sean Wallace
15986;Jason Carr
15598;Erin Olsen
15405;Brian Taylor
17576;Mr. Ricky Reid
16976;Kathleen Jones
12593;Robin Brooks
15136;Ariel Macias
15748;Carmen Jones
13317;Jessica Holloway
18004;Jason Martinez
15615;Matthew Smith
17472;Brenda Young
13131;Kyle Jones
16241;Troy Reynolds DVM
16072;Lawrence Burns
14155;Lisa Murphy
16712;Mr. Jon Rodgers
16829;Kyle Weber
14816;Tiffany Freeman
16033;David French
14265;Wendy Ellison
15255;Kelly Howe
17079;Dustin Mueller
13976;Allen Ingram
15096;Daniel Stone
13453;George Swanson
12540;Justin Moreno
14789;Jonathan Pennington
13372;Suzanne Harmon
14005;Sabrina Hill
16955;Jennifer Gomez
14656;Daniel Dean
12757;Dakota Jacobson
13228;Nicole Owens
17571;Richard Kim
15236;William Mendoza
15811;Sandy Gardner
15864;Ricky Torres
13772;Julian Scott
15774;Megan Hall
18240;Juan Lee
16366;Rhonda Gonzalez
13130;Antonio Jordan
15787;Stephanie Hinton
15265;Carrie Yang
16688;Aaron Richards
16986;Allen Nelson
14016;Emily Johnson
17235;William Morris
13368;Joseph Levy
18202;Nicole Blankenship
16743;Debbie Andrews
13183;Danielle Franklin
16800;Matthew Taylor
14434;Louis Hill
13599;Stephanie Price
13682;Jessica Miller
12528;John White
15249;Cory Freeman
13021;Lawrence Faulkner
16515;Hunter Smith
17047;Mark Wallace
18112;Jacob Murphy
14180;Shawn Gonzalez
16561;Jessica Harris
12430;Troy Henderson
15570;Nicole Tucker
12693;Christina Cortez
16738;Debra Erickson
15445;Amanda Sparks
15244;Christine Simpson
15106;Linda Brown
15316;Emily Allen
16866;Michael Fritz
18071;Adam Morris
15262;Maria Johnson
15882;Lindsay Singleton
12945;Benjamin Smith
16278;Tony Montgomery
12736;Janice Farmer
13642;Elizabeth Santiago
13147;Sabrina Nolan
13845;Dawn Stewart
17697;Felicia Pacheco
12424;Craig Sampson
13531;Judy Peters
14139;Sean Haas
17243;Jessica Cohen
13176;Alexander Brown
17500;Emma Young
15351;Emily Robinson
13667;David Becker
13947;Michael Nash
17455;Sara Bailey
13477;Kristin Morales
16780;Leslie Fuentes
16792;Scott Barnes
15918;Julie Jones
15513;Hannah Rodriguez
16426;Brian Taylor
15781;Maria Harris
12910;Patrick Adams
15230;Donna Richards
13189;Tiffany Smith
18114;Alex Perry
12863;Erin Andrews
13539;Danielle Evans
16681;Paul Lewis
14790;Stacy Snyder
13654;Karen Orozco
16271;Zachary Jones
17734;Daniel Sanchez
13157;Dr. Michael Thomas
14216;Mr. Robert Rivera
17315;Robert Moore
15319;Jason Jones
17684;Edward Goodman
17459;Jason Ortiz
16198;Carrie Wilson
15291;Tracy Turner
16587;Gary Norton Jr.
17029;Catherine Romero
12505;Barbara Fowler
17832;Sarah Faulkner
13220;Sarah Mendoza
15899;Bryan Edwards
15021;Mary Barker
15644;Steven Erickson
12939;Jennifer Clark
15528;Jennifer Jackson
16052;Randall Gibson
17716;Mitchell Hicks
14722;Danielle Curtis
15620;Jason Case
14473;Christopher Stanton
16414;Shelly Stone
15491;Nathan David DDS
12886;Jeremy Torres
17297;Kyle Mccoy
16124;Suzanne Powell
13988;Timothy Cervantes
14820;Rachel Owens
13307;Mr. Mario Davis
16495;Jamie Daniels
14690;Samuel Collins
12452;Michele Williams
14541;Shelley Smith
17498;Lawrence Olson
14646;Amanda Lopez
17763;Jeffrey Sellers
13341;Mary Thompson
13325;Shawn Valdez
14475;Marissa Harris
15619;Phillip Brewer
15920;Amanda Garcia
15046;Kimberly Ward
14335;Anthony Rocha
14730;John Flores
13781;Kerry Cruz
13860;Diana Brown
14778;Joshua Mitchell
17298;Jenna Garza
16108;Abigail Miller
13866;Daniel Glenn
15790;Robert Williams
13930;Kristen Manning
17110;Thomas Mcdaniel
13158;Pedro Glass
14194;Mary Brown
15385;Susan Knapp
13689;Frank Soto
17850;Melissa Taylor
13173;Evan Harrell
17969;James Morgan
16875;Jason Melendez
16882;Melissa Mcdonald
15397;Joseph Ayala
17107;Brandon Wood
12990;Stephen Cole
16758;John Hansen
12510;Edward Miller
15985;Dr. Joy Pham
15965;Robert Yoder
15838;Michael Cruz
16122;Ashley Wang
14413;Amanda Olson
14842;Roger Griffith
17859;Jacob Weeks
17940;Ruben Jones
17514;Christopher Davis
13670;Sonia Vaughan
14578;Patricia Schneider
16297;David Steele
15266;Brandon Gordon
14339;Leroy Parker
12915;Alexander Marquez
14419;Kenneth Smith
17011;Richard Payne
12463;Jason Tanner
12821;Michael Lopez
13611;Jeffrey Berry
13481;Ian Odonnell
17238;Stephanie Stevens
16293;Brian House
16500;Elizabeth Gutierrez
17041;Christine Smith
14396;Sara Robertson
18224;Mary Casey
15683;Clayton Willis
15103;Brooke Davis
17901;Robert Cox
15540;Donna Wilkins
15361;Sarah Lynn
16723;Carol Taylor
16574;Sergio Valenzuela
15298;Anna Thomas
15127;David Hoffman
17623;Denise Bruce
13932;Renee Zuniga
18146;Casey Oneal
17389;Rachel Castaneda
14032;Joseph Clark
17096;Shawn Caldwell
13978;Jennifer Sexton
12592;Steven Phelps
15676;Roy Davis
17035;Daniel Jones
12962;Michelle Guerrero
13347;Michael Scott
15185;Christina Foster
16210;Adrian Kennedy
13564;Tracey Gordon
13474;Tyler Valencia
16456;Tyler Carpenter
15795;Cory Smith
17750;John Hayes
12644;Kevin Hawkins
12712;Larry Bowman
17193;Gerald Graham
13984;Virginia Vargas
17914;Lindsay Thomas
13235;Miranda Bradley
14159;Amanda Ward
15744;Annette Love
16672;Destiny Henderson
17819;Micheal Hardy
12764;Andrea Graves
13669;Jesus Chaney
13127;Brittany Pineda
12666;William Garza
15944;Kelly Coleman
17314;Robert Richards
16947;Victor Oliver
17669;Amy Wall
16062;Angela Wallace
15577;John Hall
14022;Dr. Randy Thomas
17864;Daniel Tucker
14284;Michelle Williams
12808;Mr. Gary Greene
16332;Alexandra Thompson
13937;Patrick Carney
12381;Ashley Cruz
18130;Brittany Rodriguez
15552;Barbara Smith
13313;Dana Lee
13627;Alexandra Padilla
13647;Claire Sherman
12697;Courtney Ball
14727;David Decker
16078;Mark English
14383;Brian Rodriguez
16499;Carl Flowers
13253;Corey Costa
12936;Joel Coleman
15066;Zachary Parker
13037;Justin Kemp
18036;Tanya Cortez
12423;Destiny Hansen
16940;Robert Walker
17321;James Forbes
13922;Dave Barnes
15332;John Howard
17705;Alisha Conway
17388;David Wilkins
17620;Amy Jones
16057;David Bradley
17827;Marie Reed DDS
17548;Kyle Chaney
14618;Jeffrey Smith
16016;Robert Hamilton
15318;Anita Perkins
14554;Rachel Donaldson
15038;Lisa Miller
17166;James Wagner
13823;Tiffany Montoya
15197;Tracey Chung
12415;Robert Brown
15408;Frederick Ruiz
17841;Kathryn Rodriguez
17027;Jonathan Moore
14217;Jonathan Blair
13494;Sarah Miranda
15402;Joshua Perry Jr.
12995;Daniel Jackson
16581;Brian Brown
13979;Carolyn Johns DVM
15506;Isaiah Cook
12544;Susan Mcmahon
13867;Heather Duncan
16445;Ashley Cooper
13027;Amy Chavez
12678;Ryan Kim
16951;Andrew Warren
13018;Christina Patton
13410;Rebecca Young
13792;Matthew Barrett
13801;Christopher Armstrong
13260;Danielle Garcia
16527;Jeffrey Roberts
14199;Hannah Diaz
13336;Rachel Lane
15802;Scott Marquez
17229;Robert Carroll
17813;Sarah Adams
16982;Jennifer Young
17552;Kristina Patrick
16657;Brian Wright
14573;Claire Mercer
17386;William Thomas
16773;Jacob Wilkins
14248;Natasha Miranda
15059;Michael Webb
14620;Jared Barrett
14059;Kenneth Smith
16121;Curtis White
16149;Ryan Ramirez
16319;Jordan Lopez
12814;Nicholas Sanchez
15601;Melanie Patrick DVM
15641;Yvonne Davis
13754;Christine Lopez
17928;Natasha Tran
15950;Sarah Friedman
17450;Megan Hawkins
13741;David Mercer
13666;Melinda Lee
12514;Robert Garcia
12974;Thomas Duran
15004;Jamie Sparks
13603;James Elliott
14963;Christy Brown
15111;Shelby Barron
12403;Shelley Page
15963;Hector Wood
14362;Jeffrey Silva
17995;Paul Gonzalez
15677;Jillian Norman
12450;Michael Medina
15723;Derek Frazier
12583;Leslie Mcknight
15130;Anthony Peterson
17656;Scott Golden
17919;Latasha Crawford DDS
14887;Mark Smith
12665;Danny Rios
14292;Timothy Sims
16504;Jeffrey Knight
16757;Jenny Wheeler
15436;Steve Kim
14729;Dawn Ramirez
17634;Alyssa Lewis
14669;Anthony Garza
14317;Brittany Parker
17403;Carl Schultz
15579;Christopher Ortiz DDS
12818;Angela Hays
12944;Michael Callahan
16073;Rebecca Frye
18010;Melissa Herrera DDS
15524;Robert Galloway
12619;Mr. Joseph Watson MD
14702;Leah Watson
16685;Samantha Hughes
13028;Linda Parsons
13227;Christopher Martinez
12553;Brian Miller
15373;Emily Smith
13925;Rachel Tucker
14427;Brenda Holland
16770;Tracy Warren
14439;Brianna Mason
15850;Julie Bowman
15187;Corey Henderson
14667;Melissa Williams
14395;Susan Lopez
16455;Keith Olson
16861;Kerry Doyle
17368;Sarah Reid
13348;Jeremy Russell
13810;Monica Martin
13938;Donald Green
13993;Nichole Watts
12673;Angela Rodgers
14739;Grant Franco
15584;Evan Allen
14622;Joshua Mclean
15663;Mason Ingram
12628;Melissa Shaw
15032;Steven Nunez
16448;Thomas Williams
14691;Ryan Anderson
15153;Ellen Scott
15621;Andrea Scott
16953;John Nelson
16191;Emily Nguyen
13411;Michelle Stewart
14959;David Edwards
13471;Kayla Lewis
13483;Stephen Perez
15645;Kevin Jones
17680;Dr. Susan Little
15307;Charles Rodriguez
13462;Sean Greer
17188;Lisa Reyes
16339;Shawna Young
14515;Debra Garner
12919;Gregory Abbott
18030;Austin Miller
12739;Antonio Lloyd
17785;John Grant
14388;Jessica Pierce
17062;Christy Carpenter
14231;Spencer Young
16584;Jonathan Smith
16362;James Pacheco
16793;Lisa Williamson
17447;Bianca Stewart
14517;Jason Quinn
12538;Brittany Roach
14953;Kyle Espinoza
13601;Alice Hernandez
17226;Deanna Frye
15565;John Smith
14518;Andrew Howard
17673;Daniel Wright
16135;Jean Richards
13693;Maria Johnson
18282;Katherine Patton
14126;Christopher Morgan
13862;Linda Turner
15435;Hailey Mccarty
17912;Melinda Buchanan
17502;Donald Soto
16387;Nicolas Williams
12643;Sean Elliott
12362;Mckenzie Sanchez
17651;Diane Savage
17725;Carl Keller
12506;Alison Diaz
13256;Angie Kim
16008;Mitchell Davis
14307;Cheryl Jones
13207;Nicholas Malone
14154;Kristina Lopez
17522;Kelly Rodriguez
16380;Rachael Martinez
12545;Mrs. Jodi Mitchell
13357;Caitlin Moore MD
16003;Melissa Moran
12517;Lisa Jones
14485;Joyce Tyler
14924;Rick Zamora DVM
13271;John Johnston
14051;Lance Lester
12980;Sara Nguyen
18008;Kenneth Crosby
13308;Juan Stark
16936;Mark Shaw
15123;Victor Shelton
17564;Jordan Jackson
15454;Donald Jones
16162;Thomas Martin Jr.
13294;Jordan Diaz
15561;Patrick Hayden
17228;Michael Jackson
15759;Molly Benson
18265;Andrew Rollins
14006;Vincent Jordan
14505;Cathy Wu
14287;William Montgomery
15101;Sheila Snyder
12724;Kathy Ramos
16843;Kelly Kelley
12541;Katherine Cooper
16968;Mark Mclean
16884;Melanie Frazier
17406;David Burton
17325;Eric Graves
15597;Andrew Davis
12749;Evan Lopez
17624;Joseph Mcguire
14777;Christine Wilson
14472;Anna Burns MD
17323;Deanna Pierce
13649;Christina Sandoval
16526;Francisco Wolf
13168;Eric Davis
18078;Zachary Young
14758;Debra Price
17295;Michael Powell
14487;Vanessa Stevens
14177;Kelly Hall
16560;Thomas Richardson
17609;William Glover
16181;John Rosales
12923;Jason Schneider
12702;Karen Moses
16085;Angela Ramos
17658;Karen Mcguire
15380;Thomas Baker
14359;Benjamin Graham
17643;Pamela Bowman
14250;Mike Smith
17896;Gregory Ramirez
17504;Jessica Walters
14760;Jessica Gonzales
15530;Tammy Miller
14351;Mark Taylor
12521;Veronica Cunningham
17691;Christopher Holmes
13285;Michael Holden
17058;Megan Murphy
15450;Tyler Ewing
16918;Mr. Blake Murphy Jr.
16170;Alison Ellis
17267;Robin Ortiz
17757;Caitlyn Jones
17525;Teresa Chapman
14520;Lori Smith
18213;Shane Frazier
17068;Daniel Taylor
16665;Mary Weber
13953;David Hicks
16989;Amanda Chandler
13065;Robert Brown
17692;Amber Garcia
12446;Marcus Barker
14701;James Davis
15108;Zachary Levine
14210;Gloria Robinson
14868;David Contreras
15275;Brian Norton
13764;Christina Nixon
14645;Adrienne Brown
15783;Katherine Bowen
12597;Eduardo Williams
18066;Miguel Mason
15334;Marcus Harrington
13822;Jennifer Andrade
13502;Dean Bradley
14077;Melissa Williams
16295;Peggy Walters
12613;Kathryn Carroll
17227;Karen Smith
18236;Bonnie Knight
16667;Steven Martin
15951;Robert James
17400;Larry Myers
14975;David Garcia
17181;Cassandra Odom
13590;Claire Smith
14837;Jamie Cooper
13914;Bianca Dominguez PhD
12827;Martha Lowe MD
16143;Jennifer Mckenzie
14770;Michelle Robinson
17986;Linda Harris
16188;Stephanie Jacobs DDS
17515;Jean Ellis
14776;Mark Li
16614;Karen Campbell
17172;Ryan Bryant
15844;Nicole Taylor
17126;Paula Garcia
16570;Kevin Mills
14829;Debra Carter
12405;Peter Chapman
14688;Jason Flores
17007;Joshua Hoover
12507;Christian Potter
13113;Logan Smith
14085;Angelica Taylor
17408;Eduardo Clarke
16494;Kevin Gutierrez
17157;Jeremy Dennis
14971;Jordan Ramirez
12656;Brian Scott
14762;Melody Cook
15135;Walter Hicks
15764;Crystal Mccullough
13637;Michelle Lawson
12845;Michele Freeman
14552;Thomas Singh
16536;James Watson
14840;Lauren Briggs
17456;Billy Brown
12700;Marcus Hart
14577;Daniel Morse
17999;Heather Nunez
14616;Carol Rodriguez
15696;Julie Campbell
15568;April Nelson
15449;Mr. Lawrence Cobb
13504;Marcia Mora
14871;Michelle Clark
13703;Judith Dean
17511;Anne Yang
18277;Christopher Anderson
15957;Collin Stanley
13885;Timothy Smith
18042;Jennifer Nelson
16376;Frank White
12935;Craig Hill
18145;Sharon Reid
16761;Katherine Grimes
13427;Cindy Hobbs
16814;Laurie Diaz
16485;Brandon Olson
13435;Thomas Phillips
16094;Bradley Martin
14436;Becky Taylor
15047;Steven Howard
14321;Sonya Turner
15820;Joshua Todd
14055;Lucas Orozco
15224;Hannah Sims
14206;Joshua Johnston
17073;Taylor Garcia
17646;Jacqueline Moore
12684;Charles Johnson
16828;Victor Flores
13193;Sandra Hall
18019;Alexandra Carney
18068;Kim Grant
14312;Stephen Calderon
14375;Chelsea Trujillo
13602;Samuel Noble
14936;Madeline Munoz
17155;Diana Williams
12884;Robert Bailey
12925;Victoria Galvan
13514;Katherine Logan
14968;Jessica Cobb
13814;Wanda Rivera
12798;Richard Decker
17880;Michelle Fuentes
15724;Jason Garza
17787;Chad Fowler
16338;Thomas Spencer
16776;Jason Armstrong
14988;Danielle Escobar
15039;Andrea Hansen
15939;Ashley Taylor
14805;Jeffrey Gillespie
12824;Carrie Ashley
12754;Stephanie Thomas
16744;Tony Mendoza
17569;Patrick Patterson
14385;Jennifer Vega
15730;Sylvia Atkinson
14349;Mary Perez
18151;Mr. Andrew Vaughan Jr.
12878;Vanessa Norton
18167;Tiffany Thompson
15895;David Reyes
16018;Jose Levine
15054;Jennifer Gonzalez
13049;Corey Cisneros
13115;Brooke Nelson
15494;Mr. James Green
14570;Kimberly Everett
14311;Timothy Harvey
12682;Ana Anderson
17862;Samantha Frey
16106;Phillip Simpson
15935;Matthew Salinas
17262;Daniel Perry
17307;Crystal Peterson
14540;Walter Allen
15119;Hunter Ware
15707;Jenny Gonzales
15335;Jennifer Johnson
16345;Sara Hart
12536;Michael Johnson
13484;Brooke Harrison
18274;Tracey Schroeder
17160;Curtis Joseph
17747;Jeremiah Mueller
14528;Dawn Herrera
12731;Melissa Spencer
13328;Robert Norris
17736;Brett Simpson
15272;Melissa Barron
13095;Crystal Reed
16924;Gregory Spencer
14171;Amanda Brooks
16229;Gary Ramirez
16281;Donald Hudson
13705;Kristin Fletcher
17118;Robert Burton
17997;David Cox
13070;Kimberly Wu
16464;Andrea Harris
12942;Dana Friedman
15182;Stephen Weber
14258;Cody Brewer
14474;Cindy Adams
16841;Michael Brown
14745;Walter Johnson
13533;Diane Fuentes
17423;Briana Jenkins
13774;Michael Hawkins
17231;Katherine Taylor
12740;Jaime Wong
17111;Brandon Jordan
15356;Victoria Evans
14491;Jody Bartlett
12637;Sherry Sullivan
16102;Autumn Horton
15301;Kathryn Morrison
18122;Tony Hicks
15953;Dave Curtis
15468;Martha Torres DDS
16049;William Richardson
15389;Linda Johnson
15679;Jordan Garcia
13721;Kari Cunningham
16613;John Schmitt
14031;Matthew Miles
13506;Richard Martinez
13787;Joseph Ray
16009;Sarah Todd
15238;Melissa May
16050;Kyle Patterson
18027;Keith Hoover
15157;Leslie Jordan
14737;Ashley Green
16279;Katherine Watkins
13685;Justin Ward
12512;Thomas Rodriguez
13122;Ricky Arroyo
17672;Thomas Watson
13868;Alexis Hall
17190;Daniel Bray
13927;Anthony Scott
14441;Gerald Henderson
16344;Diana Thomas
13479;Cynthia Porter
12519;Stephen Patel
17744;Casey Mcbride
17567;Douglas Juarez
14111;Carlos Sellers
15975;Jennifer Williams
14795;Judith Miller
12599;Donna Jensen
17636;Alexander Nelson
13850;Mary Taylor
12600;Dr. Daniel Francis
15996;Katherine Rogers
17291;Ricky Farley
18094;Jennifer Daniel
12420;Tyler Parker
17274;Gloria Brown
17979;Thomas Esparza
13739;Ian Ramsey
15393;Deborah Morgan
16572;James Fisher
17791;Katherine Lee
15763;Alexandria Rivera
15502;Keith Ryan
15329;David Moore
17358;Eric Craig
16471;Jamie Davis
17770;Virginia Michael
12906;Abigail Smith
14921;Jessica Hicks
14676;Mary Gentry
17374;Sarah Moran
15713;Stanley Zamora
13593;Timothy Ramos
13513;Julia Ho
16742;Kristy Wade
17892;Charles Patel
13523;Abigail Perry
13081;Thomas Smith
14657;Jennifer Marsh
17248;Catherine Barker
15326;Melanie Weiss
13354;Rodney Hood
13269;Kimberly Smith
17140;Kelly Anderson
14046;Anthony Bennett
16308;Erin Pierce
14753;Pamela Thomas
13217;Shaun Davis
